"city","state","lat","lng","population","Business Freedom","Commute","Cost of Living","Economy","Education","Environmental Quality","Healthcare","Housing","Internet Access","Leisure & Culture","Outdoors","Safety","Startups","Taxation","Tolerance","Travel Connectivity","Venture Capital"
"Alameda","CA",37.7668,-122.267,78320,8.671,4.68725,2.618,6.5145,8.6245,6.4815,8.748,1,5.6055,9.407,7.014,5.7155,10,4.488,8.0125,3.6545,10
"Albany","CA",37.8897,-122.3018,19958,8.671,4.68725,2.618,6.5145,8.6245,6.4815,8.748,1,5.6055,9.407,7.014,5.7155,10,4.488,8.0125,3.6545,10
"Albuquerque","NM",35.1054,-106.6465,765693,8.671,5.05575,6.059,6.5145,4.152,7.3195,8.50866666666666,7.262,5.396,4.89,3.5155,1.3435,3.772,4.346,7.0285,1.4555,1.493
"Alexandria","KY",38.9621,-84.3859,10125,8.671,4.7435,6.108,6.5145,4.2805,7.1095,8.638,6.6775,6.512,6.118,3.6075,4.975,6.0995,3.9205,5.299,1.9265,2.709
"Alexandria","VA",38.8185,-77.0861,158185,8.671,4.457,3.595,6.5145,5.9685,6.99375,8.49066666666667,1.2105,3.8255,10,5.0235,2.1915,8.774,4.062,6.5495,4.505,8.056
"Aliso Viejo","CA",33.5792,-117.7289,51943,8.57466666666667,3.677,4.556,6.5145,8.6245,4.7315,8.43966666666667,1.5275,5.4965,9.196,6.747,5.705,10,4.7675,6.96,3.9585,10
"Allen Park","MI",42.2595,-83.2107,28431,8.671,0.933,6.032,6.5145,5.8185,4.04675,8.279,6.223,6.167,7.478,5.3875,4.4615,5.4015,3.7785,3.678,3.6405,5.184
"Allen","TX",33.1088,-96.6735,102778,8.671,4.4705,6.091,6.5145,4.284,6.693,8.43933333333333,5.259,6.461,7.1685,4.502,4.339,7.9395,4.772,5.294,4.7465,4.916
"Allentown","GA",32.5855,-83.2273,138,8.671,3.89775,5.241,6.5145,6.457,5.81775,8.534,4.9755,6.4805,7.7655,5.0095,2.6725,8.835,4.204,4.062,5.2915,7.257
"Alpharetta","GA",34.0704,-84.2738,65187,8.671,3.89775,5.241,6.5145,6.457,5.81775,8.534,4.9755,6.4805,7.7655,5.0095,2.6725,8.835,4.204,4.062,5.2915,7.257
"Ames","TX",30.0451,-94.7373,1082,8.671,4.03075,6.162,6.5145,4.928,5.3045,8.611,5.2245,6.2485,7.144,5.386,3.129,7.9345,4.772,5.34,4.3385,4.474
"Anaheim","CA",33.839,-117.8574,348204,8.57466666666667,3.677,4.556,6.5145,8.6245,4.7315,8.43966666666667,1.5275,5.4965,9.196,6.747,5.705,10,4.7675,6.96,3.9585,10
"Andover","MN",45.2571,-93.3265,32471,8.671,4.925,5.042,6.5145,5.2745,8.362,8.972,4.7385,6.2585,6.8505,5.096,5.085,6.5265,4.062,7.288,3.544,5.523
"Ann Arbor","MI",42.2759,-83.731,327814,8.671,0.933,6.032,6.5145,5.8185,4.04675,8.279,6.223,6.167,7.478,5.3875,4.4615,5.4015,3.7785,3.678,3.6405,5.184
"Annandale","VA",38.8324,-77.196,41869,8.671,4.457,3.595,6.5145,5.9685,6.99375,8.49066666666667,1.2105,3.8255,10,5.0235,2.1915,8.774,4.062,6.5495,4.505,8.056
"Annapolis","MD",38.9706,-76.5047,40581,8.671,4.457,3.595,6.5145,5.9685,6.99375,8.49066666666667,1.2105,3.8255,10,5.0235,2.1915,8.774,4.062,6.5495,4.505,8.056
"Antioch","CA",37.9787,-121.796,322796,8.671,4.68725,2.618,6.5145,8.6245,6.4815,8.748,1,5.6055,9.407,7.014,5.7155,10,4.488,8.0125,3.6545,10
"Arlington Heights","IL",42.0955,-87.9826,77283,8.671,4.57975,4.766,6.5145,7.999,6.8045,8.555,3.702,6.5995,8.193,5.4155,3.832,9.513,4.062,6.134,5.5075,8.368
"Arlington","OH",40.8937,-83.6529,1698,8.671,4.42125,5.595,6.5145,4.6185,7.2505,8.899,7.156,5.4765,5.6965,4.669,3.637,4.961,3.9205,4.7755,2.0775,3.646
"Arlington","TX",32.6998,-97.125,392304,8.671,4.4705,6.091,6.5145,4.284,6.693,8.43933333333333,5.259,6.461,7.1685,4.502,4.339,7.9395,4.772,5.294,4.7465,4.916
"Arlington","VA",38.8786,-77.1011,235764,8.671,4.457,3.595,6.5145,5.9685,6.99375,8.49066666666667,1.2105,3.8255,10,5.0235,2.1915,8.774,4.062,6.5495,4.505,8.056
"Arvada","CO",39.832,-105.151,122903,8.671,4.53,5.102,6.5145,3.6245,7.11675,8.61566666666667,3.8375,5.4185,6.2235,7.933,5.371,7.8645,4.346,7.8605,4.243,6.117
"Ashburn","VA",39.0277,-77.4714,44950,8.671,4.457,3.595,6.5145,5.9685,6.99375,8.49066666666667,1.2105,3.8255,10,5.0235,2.1915,8.774,4.062,6.5495,4.505,8.056
"Athens","GA",33.9508,-83.3689,142277,8.671,3.89775,5.241,6.5145,6.457,5.81775,8.534,4.9755,6.4805,7.7655,5.0095,2.6725,8.835,4.204,4.062,5.2915,7.257
"Athens","IL",39.9618,-89.7217,2303,8.671,4.832625,5.135,6.5145,6.63525,7.089375,8.71616666666667,5.33,7.75425,7.91775,5.122,3.85625,7.4685,4.062,5.255,4.0195,6.1265
"Atlanta","GA",33.7628,-84.422,5046555,8.671,3.89775,5.241,6.5145,6.457,5.81775,8.534,4.9755,6.4805,7.7655,5.0095,2.6725,8.835,4.204,4.062,5.2915,7.257
"Auburn Hills","MI",42.6735,-83.2448,24202,8.671,0.933,6.032,6.5145,5.8185,4.04675,8.279,6.223,6.167,7.478,5.3875,4.4615,5.4015,3.7785,3.678,3.6405,5.184
"Aurora","CO",39.7083,-104.7237,383496,8.671,4.53,5.102,6.5145,3.6245,7.11675,8.61566666666667,3.8375,5.4185,6.2235,7.933,5.371,7.8645,4.346,7.8605,4.243,6.117
"Aurora","IL",41.7638,-88.2902,183447,8.671,4.57975,4.766,6.5145,7.999,6.8045,8.555,3.702,6.5995,8.193,5.4155,3.832,9.513,4.062,6.134,5.5075,8.368
"Aurora","OH",41.3118,-81.345,17108,8.671,4.42125,5.595,6.5145,4.6185,7.2505,8.899,7.156,5.4765,5.6965,4.669,3.637,4.961,3.9205,4.7755,2.0775,3.646
"Aurora","TX",33.056,-97.5096,1390,8.671,4.4705,6.091,6.5145,4.284,6.693,8.43933333333333,5.259,6.461,7.1685,4.502,4.339,7.9395,4.772,5.294,4.7465,4.916
"Austin","TX",30.3005,-97.7522,1659251,8.671,4.3305,5.355,6.5145,5.315,7.03075,8.68666666666667,4.3345,9.049,6.698,3.909,5.069,9.236,4.772,6.7895,1.8515,6.939
"Azusa","CA",34.1386,-117.9124,49457,8.57466666666667,3.677,4.556,6.5145,8.6245,4.7315,8.43966666666667,1.5275,5.4965,9.196,6.747,5.705,10,4.7675,6.96,3.9585,10
"Baltimore","MD",39.3051,-76.6144,2205092,5.502,4.93475,4.982,6.5145,5.8805,5.7845,8.94466666666666,4.83,4.988,NA,3.9795,2.373,NA,4.062,5.755,3.6665,4.358
"Baltimore","OH",39.846,-82.6046,2985,8.671,5.02675,5.746,6.5145,5.0475,8.166,8.689,6.2895,4.5535,6.466,4.545,5.2815,5.8785,3.9205,5.9215,1.663,4.973
"Beaverton","OR",45.4779,-122.8168,97466,8.671,4.908,4.924,6.5145,4.2155,8.4595,8.59666666666667,4.138,5.9685,6.2195,6.304,5.1805,6.957,3.9205,8.1595,2.2405,5.899
"Bedford","OH",41.3919,-81.536,13073,8.671,4.42125,5.595,6.5145,4.6185,7.2505,8.899,7.156,5.4765,5.6965,4.669,3.637,4.961,3.9205,4.7755,2.0775,3.646
"Bedford","TX",32.8464,-97.135,49576,8.671,4.4705,6.091,6.5145,4.284,6.693,8.43933333333333,5.259,6.461,7.1685,4.502,4.339,7.9395,4.772,5.294,4.7465,4.916
"Bellevue","KY",39.1012,-84.4775,5578,8.671,4.7435,6.108,6.5145,4.2805,7.1095,8.638,6.6775,6.512,6.118,3.6075,4.975,6.0995,3.9205,5.299,1.9265,2.709
"Bellevue","NE",41.1485,-95.939,62888,8.671,2.12775,5.994,6.5145,4.128,7.876,8.88,7.0405,6.3065,4.942,4.181,5.552,4.012,4.204,5.801,1.4165,NA
"Bellevue","PA",40.4945,-80.055,8287,8.671,4.308,4.795,6.5145,6.5935,6.87425,8.58233333333333,5.9635,8.6695,6.859,4.0685,4.791,6.5075,3.7785,7.39,1.738,3.581
"Bellevue","WA",47.5951,-122.1535,149365,8.671,4.52375,3.79,6.5145,5.7145,7.56025,8.72433333333333,2.291,4.9405,8.1155,7.2095,5.6365,8.367,4.772,8.0895,2.8845,7.551
"Belmont","CA",37.5154,-122.2953,28109,8.671,4.68725,2.618,6.5145,8.6245,6.4815,8.748,1,5.6055,9.407,7.014,5.7155,10,4.488,8.0125,3.6545,10
"Belmont","VA",39.0622,-77.4985,9589,8.671,4.457,3.595,6.5145,5.9685,6.99375,8.49066666666667,1.2105,3.8255,10,5.0235,2.1915,8.774,4.062,6.5495,4.505,8.056
"Bergenfield","NJ",40.9236,-73.9982,28282,8.671,5.51925,2.342,6.5145,8.0935,5.23375,8.50166666666667,1,7.0985,10,5.7475,7.022,10,3.9205,6.7125,6.675,10
"Berkeley","CA",37.8722,-122.276,119607,8.671,4.68725,2.618,6.5145,8.6245,6.4815,8.748,1,5.6055,9.407,7.014,5.7155,10,4.488,8.0125,3.6545,10
"Berkeley","IL",41.8891,-87.9115,5314,8.671,4.57975,4.766,6.5145,7.999,6.8045,8.555,3.702,6.5995,8.193,5.4155,3.832,9.513,4.062,6.134,5.5075,8.368
"Berkeley","MO",38.7439,-90.3361,8310,8.671,5.0855,5.504,6.5145,5.2715,7.37425,8.87733333333333,6.958,8.909,7.6425,4.8285,3.8805,5.424,4.062,4.376,2.5315,3.885
"Berwyn","IL",41.8433,-87.7909,56960,8.671,4.57975,4.766,6.5145,7.999,6.8045,8.555,3.702,6.5995,8.193,5.4155,3.832,9.513,4.062,6.134,5.5075,8.368
"Berwyn","PA",40.0396,-75.4439,3620,8.671,4.1315,4.422,6.5145,6.0285,5.124,8.62166666666667,4.207,7.443,8.492,4.115,3.133,7.3625,3.7785,5.8645,3.556,5.216
"Bethesda","MD",38.9866,-77.1188,66294,8.671,4.457,3.595,6.5145,5.9685,6.99375,8.49066666666667,1.2105,3.8255,10,5.0235,2.1915,8.774,4.062,6.5495,4.505,8.056
"Beverly","MA",42.5681,-70.8627,42448,8.671,4.39625,4.259,6.5145,8.6245,8.1705,8.956,1,5.7005,8.564,5.66,7.742,9.565,4.062,8.4815,3.215,10
"Beverly","NJ",40.0652,-74.9221,2107,8.671,4.1315,4.422,6.5145,6.0285,5.124,8.62166666666667,4.207,7.443,8.492,4.115,3.133,7.3625,3.7785,5.8645,3.556,5.216
"Birmingham","AL",33.5279,-86.7971,704676,8.671,2.02075,5.133,6.5145,3.6245,7.0375,8.74333333333333,6.5555,5.1605,5.3835,1.266,1.776,4.3575,4.204,4.8815,1.4355,1
"Birmingham","MI",42.5446,-83.2166,21728,8.671,0.933,6.032,6.5145,5.8185,4.04675,8.279,6.223,6.167,7.478,5.3875,4.4615,5.4015,3.7785,3.678,3.6405,5.184
"Bloomfield","NY",42.8991,-77.4242,1435,8.671,5.51925,2.342,6.5145,8.0935,5.23375,8.50166666666667,1,7.0985,10,5.7475,7.022,10,3.9205,6.7125,6.675,10
"Bloomington","CA",34.0601,-117.4013,22107,8.57466666666667,3.677,4.556,6.5145,8.6245,4.7315,8.43966666666667,1.5275,5.4965,9.196,6.747,5.705,10,4.7675,6.96,3.9585,10
"Bloomington","MN",44.8306,-93.3151,89436,8.671,4.925,5.042,6.5145,5.2745,8.362,8.972,4.7385,6.2585,6.8505,5.096,5.085,6.5265,4.062,7.288,3.544,5.523
"Boca Raton","FL",26.3752,-80.108,95347,8.671,4.05275,4.497,6.5145,4.3945,6.292,8.529,3.031,5.824,6.7675,5.3845,4.321,8.0225,4.772,6.0435,4.169,5.055
"Boise","ID",43.6005,-116.2308,422665,8.671,5.225,6.578,6.5145,3.6245,8.0695,8.881,6.9635,3.442,4.1995,5.221,4.3605,4.205,4.062,6.9275,1.3235,2.596
"Boston","MA",42.3188,-71.0852,4208580,8.671,4.39625,4.259,6.5145,8.6245,8.1705,8.956,1,5.7005,8.564,5.66,7.742,9.565,4.062,8.4815,3.215,10
"Bothell","WA",47.7735,-122.2044,47355,8.671,4.52375,3.79,6.5145,5.7145,7.56025,8.72433333333333,2.291,4.9405,8.1155,7.2095,5.6365,8.367,4.772,8.0895,2.8845,7.551
"Boulder","CO",40.0248,-105.2524,120818,8.671,6.138,4.531,6.5145,4.679,9.84375,8.89166666666667,3.704,6.278,2.565,6.699,7.0735,5.853,4.346,9.2745,4.207,6.019
"Bozeman","MT",45.6833,-111.0558,51574,8.671,NA,NA,6.5145,4.128,9.369,8.88533333333333,2.949,5.156,1.907,6.134,6.9145,3.407,4.062,7.2935,1.1905,NA
"Brea","CA",33.9254,-117.8655,46912,8.57466666666667,3.677,4.556,6.5145,8.6245,4.7315,8.43966666666667,1.5275,5.4965,9.196,6.747,5.705,10,4.7675,6.96,3.9585,10
"Bridgeport","IL",38.7096,-87.759,1859,8.671,4.57975,4.766,6.5145,7.999,6.8045,8.555,3.702,6.5995,8.193,5.4155,3.832,9.513,4.062,6.134,5.5075,8.368
"Bridgeport","OH",40.0673,-80.7473,1653,8.671,5.02675,5.746,6.5145,5.0475,8.166,8.689,6.2895,4.5535,6.466,4.545,5.2815,5.8785,3.9205,5.9215,1.663,4.973
"Bridgeport","PA",40.1042,-75.3437,4961,8.671,4.1315,4.422,6.5145,6.0285,5.124,8.62166666666667,4.207,7.443,8.492,4.115,3.133,7.3625,3.7785,5.8645,3.556,5.216
"Bridgeport","TX",33.21,-97.7708,5781,8.671,4.4705,6.091,6.5145,4.284,6.693,8.43933333333333,5.259,6.461,7.1685,4.502,4.339,7.9395,4.772,5.294,4.7465,4.916
"Brooklyn Park","MD",39.217,-76.6174,15541,5.502,4.93475,4.982,6.5145,5.8805,5.7845,8.94466666666666,4.83,4.988,NA,3.9795,2.373,NA,4.062,5.755,3.6665,4.358
"Brooklyn Park","MN",45.1112,-93.3505,85247,8.671,4.925,5.042,6.5145,5.2745,8.362,8.972,4.7385,6.2585,6.8505,5.096,5.085,6.5265,4.062,7.288,3.544,5.523
"Brooklyn","IL",38.6542,-90.1679,627,8.671,4.57975,4.766,6.5145,7.999,6.8045,8.555,3.702,6.5995,8.193,5.4155,3.832,9.513,4.062,6.134,5.5075,8.368
"Brooklyn","NY",40.6501,-73.9496,2736074,8.671,5.51925,2.342,6.5145,8.0935,5.23375,8.50166666666667,1,7.0985,10,5.7475,7.022,10,3.9205,6.7125,6.675,10
"Brooklyn","OH",41.4349,-81.7497,11291,8.671,4.42125,5.595,6.5145,4.6185,7.2505,8.899,7.156,5.4765,5.6965,4.669,3.637,4.961,3.9205,4.7755,2.0775,3.646
"Broomfield","CO",39.9542,-105.0526,72697,8.671,4.53,5.102,6.5145,3.6245,7.11675,8.61566666666667,3.8375,5.4185,6.2235,7.933,5.371,7.8645,4.346,7.8605,4.243,6.117
"Buffalo Grove","IL",42.1675,-87.9615,43062,8.671,4.57975,4.766,6.5145,7.999,6.8045,8.555,3.702,6.5995,8.193,5.4155,3.832,9.513,4.062,6.134,5.5075,8.368
"Buffalo","MN",45.1794,-93.8644,16121,8.671,4.925,5.042,6.5145,5.2745,8.362,8.972,4.7385,6.2585,6.8505,5.096,5.085,6.5265,4.062,7.288,3.544,5.523
"Buffalo","NY",42.9018,-78.8487,1004655,8.671,2.154,5.228,6.5145,4.212,8.32925,8.498,7.0765,6.758,4.32,4.6465,7.1885,3.947,3.9205,7.404,1.511,2.715
"Burbank","CA",34.1879,-118.3235,107364,8.62283333333333,4.182125,3.587,6.5145,8.6245,5.6065,8.59383333333333,1.26375,5.551,9.3015,6.8805,5.71025,10,4.62775,7.48625,3.8065,10
"Burbank","IL",41.7444,-87.7686,29312,8.671,4.57975,4.766,6.5145,7.999,6.8045,8.555,3.702,6.5995,8.193,5.4155,3.832,9.513,4.062,6.134,5.5075,8.368
"Burlingame","CA",37.5859,-122.3667,31142,8.671,4.68725,2.618,6.5145,8.6245,6.4815,8.748,1,5.6055,9.407,7.014,5.7155,10,4.488,8.0125,3.6545,10
"Burlington","IL",42.0416,-88.5508,495,8.671,4.57975,4.766,6.5145,7.999,6.8045,8.555,3.702,6.5995,8.193,5.4155,3.832,9.513,4.062,6.134,5.5075,8.368
"Burlington","KY",39.0223,-84.7217,18394,8.671,4.7435,6.108,6.5145,4.2805,7.1095,8.638,6.6775,6.512,6.118,3.6075,4.975,6.0995,3.9205,5.299,1.9265,2.709
"Burlington","OH",38.4099,-82.5283,2892,8.671,4.7435,6.108,6.5145,4.2805,7.1095,8.638,6.6775,6.512,6.118,3.6075,4.975,6.0995,3.9205,5.299,1.9265,2.709
"Burlington","WI",42.6744,-88.2721,10971,8.671,4.915,5.526,6.5145,4.177,7.989,8.59433333333333,6.1225,4.346,6.8375,5.064,4.267,4.8305,4.204,4.844,1.5875,2.005
"Burnsville","MN",44.7648,-93.2793,63926,8.671,4.925,5.042,6.5145,5.2745,8.362,8.972,4.7385,6.2585,6.8505,5.096,5.085,6.5265,4.062,7.288,3.544,5.523
"California","PA",40.0692,-79.9152,5628,8.671,4.308,4.795,6.5145,6.5935,6.87425,8.58233333333333,5.9635,8.6695,6.859,4.0685,4.791,6.5075,3.7785,7.39,1.738,3.581
"Camas","WA",45.6005,-122.4304,25774,8.671,4.908,4.924,6.5145,4.2155,8.4595,8.59666666666667,4.138,5.9685,6.2195,6.304,5.1805,6.957,3.9205,8.1595,2.2405,5.899
"Cambridge","MA",42.3759,-71.1185,116892,8.671,4.39625,4.259,6.5145,8.6245,8.1705,8.956,1,5.7005,8.564,5.66,7.742,9.565,4.062,8.4815,3.215,10
"Campbell","CA",37.2802,-121.9539,43954,8.671,4.68725,2.618,6.5145,8.6245,6.4815,8.748,1,5.6055,9.407,7.014,5.7155,10,4.488,8.0125,3.6545,10
"Campbell","FL",28.2603,-81.4525,2132,8.671,4.33875,5.284,6.5145,3.6245,6.676,8.274,5.7785,4.886,5.9295,4.493,4.134,6.5975,4.772,5.784,3.7735,2.464
"Canonsburg","PA",40.2643,-80.1867,9643,8.671,4.308,4.795,6.5145,6.5935,6.87425,8.58233333333333,5.9635,8.6695,6.859,4.0685,4.791,6.5075,3.7785,7.39,1.738,3.581
"Cary","IL",42.2129,-88.2494,17919,8.671,4.57975,4.766,6.5145,7.999,6.8045,8.555,3.702,6.5995,8.193,5.4155,3.832,9.513,4.062,6.134,5.5075,8.368
"Cary","NC",35.7819,-78.8195,171603,8.671,4.78425,5.61,6.5145,7.1165,8.58375,8.96666666666667,6.1285,7.9515,6.613,3.3905,6.5225,5.497,4.062,7.562,1.757,5.157
"Centreville","IL",38.5799,-90.1037,4346,8.671,5.0855,5.504,6.5145,5.2715,7.37425,8.87733333333333,6.958,8.909,7.6425,4.8285,3.8805,5.424,4.062,4.376,2.5315,3.885
"Centreville","VA",38.839,-77.4389,73064,8.671,4.457,3.595,6.5145,5.9685,6.99375,8.49066666666667,1.2105,3.8255,10,5.0235,2.1915,8.774,4.062,6.5495,4.505,8.056
"Chandler","AZ",33.2825,-111.8514,272439,8.671,4.8285,6.208,6.5145,4.591,4.62525,8.56733333333333,6.533,6.178,6.81,6.7355,2.583,6.5085,4.488,5.565,3.3025,4.558
"Chandler","OK",35.7224,-96.8925,2905,8.671,5.02725,6.394,6.5145,3.6245,7.61525,8.549,7.261,7.689,5.376,4.129,4.6855,4.1375,4.204,6.022,1.399,NA
"Chantilly","VA",38.8868,-77.4453,23564,8.671,4.457,3.595,6.5145,5.9685,6.99375,8.49066666666667,1.2105,3.8255,10,5.0235,2.1915,8.774,4.062,6.5495,4.505,8.056
"Chapel Hill","NC",35.9271,-79.0391,60920,8.671,4.78425,5.61,6.5145,7.1165,8.58375,8.96666666666667,6.1285,7.9515,6.613,3.3905,6.5225,5.497,4.062,7.562,1.757,5.157
"Charleston","IL",39.4842,-88.1781,18130,8.671,4.57975,4.766,6.5145,7.999,6.8045,8.555,3.702,6.5995,8.193,5.4155,3.832,9.513,4.062,6.134,5.5075,8.368
"Charleston","SC",32.8168,-79.9687,685517,8.671,4.62075,3.567,6.5145,3.6245,7.276,8.91433333333333,4.637,6.093,6.595,5.0095,5.0555,4.92,4.062,5.771,1.399,2.011
"Charlotte","NC",35.2083,-80.8303,1516107,8.671,4.134,4.987,6.5145,3.6245,8.00925,8.81133333333333,5.549,6.387,5.606,1.3115,5.3475,6.248,4.062,6.7895,3.679,2.878
"Chicago Heights","IL",41.51,-87.6345,27840,8.671,4.57975,4.766,6.5145,7.999,6.8045,8.555,3.702,6.5995,8.193,5.4155,3.832,9.513,4.062,6.134,5.5075,8.368
"Chicago","IL",41.8375,-87.6866,8595181,8.671,4.57975,4.766,6.5145,7.999,6.8045,8.555,3.702,6.5995,8.193,5.4155,3.832,9.513,4.062,6.134,5.5075,8.368
"Cincinnati","OH",39.1413,-84.506,1712287,8.671,4.7435,6.108,6.5145,4.2805,7.1095,8.638,6.6775,6.512,6.118,3.6075,4.975,6.0995,3.9205,5.299,1.9265,2.709
"Claremont","CA",34.1259,-117.7153,36312,8.57466666666667,3.677,4.556,6.5145,8.6245,4.7315,8.43966666666667,1.5275,5.4965,9.196,6.747,5.705,10,4.7675,6.96,3.9585,10
"Claymont","DE",39.8032,-75.4607,9508,8.671,4.1315,4.422,6.5145,6.0285,5.124,8.62166666666667,4.207,7.443,8.492,4.115,3.133,7.3625,3.7785,5.8645,3.556,5.216
"Clearwater","FL",27.979,-82.7623,116616,8.671,1.40075,5.253,6.5145,4.2805,7.37875,8.78166666666667,5.696,7.195,6.434,5.497,4.7065,6.347,4.772,5.36,2.9055,3.778
"Cleveland","FL",26.9529,-81.9925,2683,8.671,1.40075,5.253,6.5145,4.2805,7.37875,8.78166666666667,5.696,7.195,6.434,5.497,4.7065,6.347,4.772,5.36,2.9055,3.778
"Cleveland","GA",34.597,-83.7622,3464,8.671,3.89775,5.241,6.5145,6.457,5.81775,8.534,4.9755,6.4805,7.7655,5.0095,2.6725,8.835,4.204,4.062,5.2915,7.257
"Cleveland","OH",41.4764,-81.6805,1683059,8.671,4.42125,5.595,6.5145,4.6185,7.2505,8.899,7.156,5.4765,5.6965,4.669,3.637,4.961,3.9205,4.7755,2.0775,3.646
"Clifton","NJ",40.863,-74.1575,89460,8.671,5.51925,2.342,6.5145,8.0935,5.23375,8.50166666666667,1,7.0985,10,5.7475,7.022,10,3.9205,6.7125,6.675,10
"College Park","GA",33.6363,-84.464,14032,8.671,3.89775,5.241,6.5145,6.457,5.81775,8.534,4.9755,6.4805,7.7655,5.0095,2.6725,8.835,4.204,4.062,5.2915,7.257
"College Park","MD",38.996,-76.9337,34961,8.671,4.457,3.595,6.5145,5.9685,6.99375,8.49066666666667,1.2105,3.8255,10,5.0235,2.1915,8.774,4.062,6.5495,4.505,8.056
"Collierville","CA",38.2141,-121.2675,1856,8.671,4.68725,2.618,6.5145,8.6245,6.4815,8.748,1,5.6055,9.407,7.014,5.7155,10,4.488,8.0125,3.6545,10
"Collierville","TN",35.047,-89.6987,50669,8.671,1.9175,5.829,6.5145,3.6245,4.54525,7.52366666666667,7.1145,6.07,6.8605,3.5695,2.8585,4.4495,4.772,4.0405,1.6615,NA
"Colorado Springs","CO",38.8674,-104.7605,628808,8.671,1.73525,5.375,6.5145,3.6245,8.5265,8.39366666666667,6.4995,5.9225,3.812,7.3565,5.3775,4.267,4.346,9.206,1.266,2.147
"Columbia","IL",38.4581,-90.2156,11090,8.671,5.0855,5.504,6.5145,5.2715,7.37425,8.87733333333333,6.958,8.909,7.6425,4.8285,3.8805,5.424,4.062,4.376,2.5315,3.885
"Columbia","MD",39.2004,-76.859,105086,5.502,4.93475,4.982,6.5145,5.8805,5.7845,8.94466666666666,4.83,4.988,NA,3.9795,2.373,NA,4.062,5.755,3.6665,4.358
"Columbus","MN",45.2685,-93.0809,4169,8.671,4.925,5.042,6.5145,5.2745,8.362,8.972,4.7385,6.2585,6.8505,5.096,5.085,6.5265,4.062,7.288,3.544,5.523
"Columbus","OH",39.9862,-82.9855,1556848,8.671,5.02675,5.746,6.5145,5.0475,8.166,8.689,6.2895,4.5535,6.466,4.545,5.2815,5.8785,3.9205,5.9215,1.663,4.973
"Concord","AL",33.4674,-87.0392,1641,8.671,2.02075,5.133,6.5145,3.6245,7.0375,8.74333333333333,6.5555,5.1605,5.3835,1.266,1.776,4.3575,4.204,4.8815,1.4355,1
"Concord","CA",37.9722,-122.0016,640270,8.671,4.68725,2.618,6.5145,8.6245,6.4815,8.748,1,5.6055,9.407,7.014,5.7155,10,4.488,8.0125,3.6545,10
"Concord","MO",38.5117,-90.3574,18760,8.671,5.0855,5.504,6.5145,5.2715,7.37425,8.87733333333333,6.958,8.909,7.6425,4.8285,3.8805,5.424,4.062,4.376,2.5315,3.885
"Coppell","TX",32.9639,-96.9903,42420,8.671,4.4705,6.091,6.5145,4.284,6.693,8.43933333333333,5.259,6.461,7.1685,4.502,4.339,7.9395,4.772,5.294,4.7465,4.916
"Costa Mesa","CA",33.6667,-117.9135,112148,8.57466666666667,3.677,4.556,6.5145,8.6245,4.7315,8.43966666666667,1.5275,5.4965,9.196,6.747,5.705,10,4.7675,6.96,3.9585,10
"Covington","GA",33.6049,-83.8463,14065,8.671,3.89775,5.241,6.5145,6.457,5.81775,8.534,4.9755,6.4805,7.7655,5.0095,2.6725,8.835,4.204,4.062,5.2915,7.257
"Covington","KY",39.0334,-84.5166,40930,8.671,4.7435,6.108,6.5145,4.2805,7.1095,8.638,6.6775,6.512,6.118,3.6075,4.975,6.0995,3.9205,5.299,1.9265,2.709
"Covington","WA",47.3667,-122.1045,20608,8.671,4.52375,3.79,6.5145,5.7145,7.56025,8.72433333333333,2.291,4.9405,8.1155,7.2095,5.6365,8.367,4.772,8.0895,2.8845,7.551
"Culver City","CA",34.0058,-118.3968,40640,8.57466666666667,3.677,4.556,6.5145,8.6245,4.7315,8.43966666666667,1.5275,5.4965,9.196,6.747,5.705,10,4.7675,6.96,3.9585,10
"Cupertino","CA",37.3168,-122.0466,60681,8.671,4.68725,2.618,6.5145,8.6245,6.4815,8.748,1,5.6055,9.407,7.014,5.7155,10,4.488,8.0125,3.6545,10
"Cypress","CA",33.8171,-118.0386,50279,8.57466666666667,3.677,4.556,6.5145,8.6245,4.7315,8.43966666666667,1.5275,5.4965,9.196,6.747,5.705,10,4.7675,6.96,3.9585,10
"Dallas","GA",33.9152,-84.8416,13704,8.671,3.89775,5.241,6.5145,6.457,5.81775,8.534,4.9755,6.4805,7.7655,5.0095,2.6725,8.835,4.204,4.062,5.2915,7.257
"Dallas","TX",32.7935,-96.7667,5668165,8.671,4.4705,6.091,6.5145,4.284,6.693,8.43933333333333,5.259,6.461,7.1685,4.502,4.339,7.9395,4.772,5.294,4.7465,4.916
"Daly City","CA",37.6862,-122.4685,104914,8.671,4.68725,2.618,6.5145,8.6245,6.4815,8.748,1,5.6055,9.407,7.014,5.7155,10,4.488,8.0125,3.6545,10
"Davie","FL",26.0789,-80.287,104782,8.671,4.05275,4.497,6.5145,4.3945,6.292,8.529,3.031,5.824,6.7675,5.3845,4.321,8.0225,4.772,6.0435,4.169,5.055
"Dayton","KY",39.1127,-84.4639,5641,8.671,4.7435,6.108,6.5145,4.2805,7.1095,8.638,6.6775,6.512,6.118,3.6075,4.975,6.0995,3.9205,5.299,1.9265,2.709
"Dayton","MN",45.1906,-93.4758,7257,8.671,4.925,5.042,6.5145,5.2745,8.362,8.972,4.7385,6.2585,6.8505,5.096,5.085,6.5265,4.062,7.288,3.544,5.523
"Dayton","OR",45.2198,-123.0781,2672,8.671,4.908,4.924,6.5145,4.2155,8.4595,8.59666666666667,4.138,5.9685,6.2195,6.304,5.1805,6.957,3.9205,8.1595,2.2405,5.899
"Dayton","TX",30.0315,-94.9158,8569,8.671,4.03075,6.162,6.5145,4.928,5.3045,8.611,5.2245,6.2485,7.144,5.386,3.129,7.9345,4.772,5.34,4.3385,4.474
"Dearborn Heights","MI",42.3164,-83.2769,62334,8.671,0.933,6.032,6.5145,5.8185,4.04675,8.279,6.223,6.167,7.478,5.3875,4.4615,5.4015,3.7785,3.678,3.6405,5.184
"Dearborn","MI",42.3127,-83.213,107985,8.671,0.933,6.032,6.5145,5.8185,4.04675,8.279,6.223,6.167,7.478,5.3875,4.4615,5.4015,3.7785,3.678,3.6405,5.184
"Deerfield Beach","FL",26.305,-80.1277,86062,8.671,4.05275,4.497,6.5145,4.3945,6.292,8.529,3.031,5.824,6.7675,5.3845,4.321,8.0225,4.772,6.0435,4.169,5.055
"Deerfield","IL",42.1654,-87.8516,19228,8.671,4.57975,4.766,6.5145,7.999,6.8045,8.555,3.702,6.5995,8.193,5.4155,3.832,9.513,4.062,6.134,5.5075,8.368
"Denver","CO",39.762,-104.8758,2650725,8.671,4.53,5.102,6.5145,3.6245,7.11675,8.61566666666667,3.8375,5.4185,6.2235,7.933,5.371,7.8645,4.346,7.8605,4.243,6.117
"Des Moines","IA",41.5725,-93.6105,514654,8.671,2.07225,6.327,6.5145,3.6245,8.68225,8.84133333333333,6.851,5.698,6.0665,3.2995,6.984,2.912,4.346,8.4765,1.379,1.818
"Des Moines","WA",47.3914,-122.3156,32631,8.671,4.52375,3.79,6.5145,5.7145,7.56025,8.72433333333333,2.291,4.9405,8.1155,7.2095,5.6365,8.367,4.772,8.0895,2.8845,7.551
"Detroit","MI",42.3834,-83.1024,3522856,8.671,0.933,6.032,6.5145,5.8185,4.04675,8.279,6.223,6.167,7.478,5.3875,4.4615,5.4015,3.7785,3.678,3.6405,5.184
"Dover","FL",27.9927,-82.2198,3444,8.671,1.40075,5.253,6.5145,4.2805,7.37875,8.78166666666667,5.696,7.195,6.434,5.497,4.7065,6.347,4.772,5.36,2.9055,3.778
"Dover","OH",40.5304,-81.4806,13083,8.671,4.42125,5.595,6.5145,4.6185,7.2505,8.899,7.156,5.4765,5.6965,4.669,3.637,4.961,3.9205,4.7755,2.0775,3.646
"Draper","UT",40.4957,-111.8605,49978,8.671,4.574,6.172,6.5145,4.2805,6.21575,8.81866666666667,6.141,6.8105,5.932,6.641,5.657,6.3,4.204,8.6225,2.737,7.09
"Dublin","CA",37.7161,-121.8963,69818,8.671,4.68725,2.618,6.5145,8.6245,6.4815,8.748,1,5.6055,9.407,7.014,5.7155,10,4.488,8.0125,3.6545,10
"Dublin","OH",40.1112,-83.1454,48613,8.671,5.02675,5.746,6.5145,5.0475,8.166,8.689,6.2895,4.5535,6.466,4.545,5.2815,5.8785,3.9205,5.9215,1.663,4.973
"Duluth","GA",34.0053,-84.1492,31506,8.671,3.89775,5.241,6.5145,6.457,5.81775,8.534,4.9755,6.4805,7.7655,5.0095,2.6725,8.835,4.204,4.062,5.2915,7.257
"Durham","NC",35.9792,-78.9022,399762,8.671,4.78425,5.61,6.5145,7.1165,8.58375,8.96666666666667,6.1285,7.9515,6.613,3.3905,6.5225,5.497,4.062,7.562,1.757,5.157
"Durham","OR",45.3941,-122.758,2073,8.671,4.908,4.924,6.5145,4.2155,8.4595,8.59666666666667,4.138,5.9685,6.2195,6.304,5.1805,6.957,3.9205,8.1595,2.2405,5.899
"Eagan","MN",44.817,-93.1638,68205,8.671,4.925,5.042,6.5145,5.2745,8.362,8.972,4.7385,6.2585,6.8505,5.096,5.085,6.5265,4.062,7.288,3.544,5.523
"East Rutherford","NJ",40.8179,-74.0854,9918,8.671,5.51925,2.342,6.5145,8.0935,5.23375,8.50166666666667,1,7.0985,10,5.7475,7.022,10,3.9205,6.7125,6.675,10
"Eden Prairie","MN",44.8488,-93.4595,64048,8.671,4.925,5.042,6.5145,5.2745,8.362,8.972,4.7385,6.2585,6.8505,5.096,5.085,6.5265,4.062,7.288,3.544,5.523
"Edgewater","CO",39.7508,-105.0627,5047,8.671,4.53,5.102,6.5145,3.6245,7.11675,8.61566666666667,3.8375,5.4185,6.2235,7.933,5.371,7.8645,4.346,7.8605,4.243,6.117
"Edgewater","MD",38.9373,-76.5572,9075,8.671,4.457,3.595,6.5145,5.9685,6.99375,8.49066666666667,1.2105,3.8255,10,5.0235,2.1915,8.774,4.062,6.5495,4.505,8.056
"Edgewater","NJ",40.8237,-73.974,14234,8.671,5.51925,2.342,6.5145,8.0935,5.23375,8.50166666666667,1,7.0985,10,5.7475,7.022,10,3.9205,6.7125,6.675,10
"El Segundo","CA",33.917,-118.4018,17243,8.57466666666667,3.677,4.556,6.5145,8.6245,4.7315,8.43966666666667,1.5275,5.4965,9.196,6.747,5.705,10,4.7675,6.96,3.9585,10
"Elk Grove","CA",38.4161,-121.3842,175510,8.671,4.68725,2.618,6.5145,8.6245,6.4815,8.748,1,5.6055,9.407,7.014,5.7155,10,4.488,8.0125,3.6545,10
"Elkridge","MD",39.1941,-76.7428,24115,5.502,4.93475,4.982,6.5145,5.8805,5.7845,8.94466666666666,4.83,4.988,NA,3.9795,2.373,NA,4.062,5.755,3.6665,4.358
"Ellicott City","MD",39.2774,-76.8345,74432,5.502,4.93475,4.982,6.5145,5.8805,5.7845,8.94466666666666,4.83,4.988,NA,3.9795,2.373,NA,4.062,5.755,3.6665,4.358
"Emeryville","CA",37.8382,-122.2932,12747,8.671,4.68725,2.618,6.5145,8.6245,6.4815,8.748,1,5.6055,9.407,7.014,5.7155,10,4.488,8.0125,3.6545,10
"Englewood Cliffs","NJ",40.8823,-73.9467,5358,8.671,5.51925,2.342,6.5145,8.0935,5.23375,8.50166666666667,1,7.0985,10,5.7475,7.022,10,3.9205,6.7125,6.675,10
"Englewood","CO",39.6468,-104.9942,33500,8.671,4.53,5.102,6.5145,3.6245,7.11675,8.61566666666667,3.8375,5.4185,6.2235,7.933,5.371,7.8645,4.346,7.8605,4.243,6.117
"Englewood","FL",26.9717,-82.3524,19683,8.671,1.40075,5.253,6.5145,4.2805,7.37875,8.78166666666667,5.696,7.195,6.434,5.497,4.7065,6.347,4.772,5.36,2.9055,3.778
"Englewood","NJ",40.8917,-73.9736,29129,8.671,5.51925,2.342,6.5145,8.0935,5.23375,8.50166666666667,1,7.0985,10,5.7475,7.022,10,3.9205,6.7125,6.675,10
"Eugene","OR",44.0564,-123.1174,273904,8.671,5.2675,4.9725,6.5145,4.1945,8.34525,8.71166666666667,5.4255,5.36225,4.58775,4.9185,5.676,5.02175,3.9205,8.5645,1.71625,3.9315
"Evanston","IL",42.0464,-87.6943,78454,8.671,4.57975,4.766,6.5145,7.999,6.8045,8.555,3.702,6.5995,8.193,5.4155,3.832,9.513,4.062,6.134,5.5075,8.368
"Everett","MA",42.4064,-71.0545,48368,8.671,4.39625,4.259,6.5145,8.6245,8.1705,8.956,1,5.7005,8.564,5.66,7.742,9.565,4.062,8.4815,3.215,10
"Everett","WA",47.9525,-122.1669,110438,8.671,4.52375,3.79,6.5145,5.7145,7.56025,8.72433333333333,2.291,4.9405,8.1155,7.2095,5.6365,8.367,4.772,8.0895,2.8845,7.551
"Fairfax Station","VA",38.7942,-77.3358,12322,8.671,4.457,3.595,6.5145,5.9685,6.99375,8.49066666666667,1.2105,3.8255,10,5.0235,2.1915,8.774,4.062,6.5495,4.505,8.056
"Fairfax","CA",37.9886,-122.5952,7605,8.671,4.68725,2.618,6.5145,8.6245,6.4815,8.748,1,5.6055,9.407,7.014,5.7155,10,4.488,8.0125,3.6545,10
"Fairfax","CA",35.3469,-118.9339,1986,8.671,4.68725,2.618,6.5145,8.6245,6.4815,8.748,1,5.6055,9.407,7.014,5.7155,10,4.488,8.0125,3.6545,10
"Fairfax","OH",39.1432,-84.3972,2147,8.671,4.7435,6.108,6.5145,4.2805,7.1095,8.638,6.6775,6.512,6.118,3.6075,4.975,6.0995,3.9205,5.299,1.9265,2.709
"Fairfax","VA",38.8531,-77.2997,23980,8.671,4.457,3.595,6.5145,5.9685,6.99375,8.49066666666667,1.2105,3.8255,10,5.0235,2.1915,8.774,4.062,6.5495,4.505,8.056
"Fairfield","AL",33.4747,-86.9194,10108,8.671,2.02075,5.133,6.5145,3.6245,7.0375,8.74333333333333,6.5555,5.1605,5.3835,1.266,1.776,4.3575,4.204,4.8815,1.4355,1
"Fairfield","CA",38.2583,-122.0335,145163,8.671,4.68725,2.618,6.5145,8.6245,6.4815,8.748,1,5.6055,9.407,7.014,5.7155,10,4.488,8.0125,3.6545,10
"Fairfield","IL",38.3798,-88.3723,4982,8.671,4.57975,4.766,6.5145,7.999,6.8045,8.555,3.702,6.5995,8.193,5.4155,3.832,9.513,4.062,6.134,5.5075,8.368
"Fairfield","OH",39.3301,-84.5409,44550,8.671,4.7435,6.108,6.5145,4.2805,7.1095,8.638,6.6775,6.512,6.118,3.6075,4.975,6.0995,3.9205,5.299,1.9265,2.709
"Fairfield","VA",37.8827,-79.2829,255,8.671,5.6485,5.949,6.5145,3.6245,6.62175,8.85533333333333,6.4395,7.6455,6.3385,1.035,3.3765,4.2705,4.204,7.151,1.38,2.097
"Fairmont","IL",41.5614,-88.0587,2649,8.671,4.57975,4.766,6.5145,7.999,6.8045,8.555,3.702,6.5995,8.193,5.4155,3.832,9.513,4.062,6.134,5.5075,8.368
"Falls Church","VA",38.8847,-77.1751,14494,8.671,4.457,3.595,6.5145,5.9685,6.99375,8.49066666666667,1.2105,3.8255,10,5.0235,2.1915,8.774,4.062,6.5495,4.505,8.056
"Farmington","IL",40.697,-90.0024,2015,8.671,4.57975,4.766,6.5145,7.999,6.8045,8.555,3.702,6.5995,8.193,5.4155,3.832,9.513,4.062,6.134,5.5075,8.368
"Farmington","MI",42.4614,-83.3784,11481,8.671,0.933,6.032,6.5145,5.8185,4.04675,8.279,6.223,6.167,7.478,5.3875,4.4615,5.4015,3.7785,3.678,3.6405,5.184
"Farmington","MN",44.6572,-93.1687,23253,8.671,4.925,5.042,6.5145,5.2745,8.362,8.972,4.7385,6.2585,6.8505,5.096,5.085,6.5265,4.062,7.288,3.544,5.523
"Fayetteville","GA",33.4501,-84.471,18633,8.671,3.89775,5.241,6.5145,6.457,5.81775,8.534,4.9755,6.4805,7.7655,5.0095,2.6725,8.835,4.204,4.062,5.2915,7.257
"Fayetteville","NY",43.0308,-75.9984,4282,8.671,5.51925,2.342,6.5145,8.0935,5.23375,8.50166666666667,1,7.0985,10,5.7475,7.022,10,3.9205,6.7125,6.675,10
"Florham Park","NJ",40.7773,-74.3953,12655,8.671,5.51925,2.342,6.5145,8.0935,5.23375,8.50166666666667,1,7.0985,10,5.7475,7.022,10,3.9205,6.7125,6.675,10
"Folsom","CA",38.6668,-121.1422,79201,8.671,4.68725,2.618,6.5145,8.6245,6.4815,8.748,1,5.6055,9.407,7.014,5.7155,10,4.488,8.0125,3.6545,10
"Folsom","PA",39.8924,-75.3287,8430,8.671,4.1315,4.422,6.5145,6.0285,5.124,8.62166666666667,4.207,7.443,8.492,4.115,3.133,7.3625,3.7785,5.8645,3.556,5.216
"Fort Collins","CO",40.5477,-105.0656,301596,8.671,2.0075,NA,6.5145,4.1735,9.95325,8.89333333333333,2.7445,5.302,2.746,6.1865,6.9355,4.0435,4.346,9.48,1.102,NA
"Fort Lauderdale","FL",26.1412,-80.1464,182247,8.671,4.05275,4.497,6.5145,4.3945,6.292,8.529,3.031,5.824,6.7675,5.3845,4.321,8.0225,4.772,6.0435,4.169,5.055
"Fort Worth","TX",32.7817,-97.3474,908469,8.671,4.4705,6.091,6.5145,4.284,6.693,8.43933333333333,5.259,6.461,7.1685,4.502,4.339,7.9395,4.772,5.294,4.7465,4.916
"Foster City","CA",37.5553,-122.2659,33511,8.671,4.68725,2.618,6.5145,8.6245,6.4815,8.748,1,5.6055,9.407,7.014,5.7155,10,4.488,8.0125,3.6545,10
"Framingham","MA",42.3085,-71.4368,72089,8.671,4.39625,4.259,6.5145,8.6245,8.1705,8.956,1,5.7005,8.564,5.66,7.742,9.565,4.062,8.4815,3.215,10
"Franklin","OH",39.5538,-84.2952,11650,8.671,5.02675,5.746,6.5145,5.0475,8.166,8.689,6.2895,4.5535,6.466,4.545,5.2815,5.8785,3.9205,5.9215,1.663,4.973
"Franklin","PA",40.3418,-78.8841,244,8.671,4.308,4.795,6.5145,6.5935,6.87425,8.58233333333333,5.9635,8.6695,6.859,4.0685,4.791,6.5075,3.7785,7.39,1.738,3.581
"Franklin","PA",41.3936,-79.8425,6128,8.671,4.308,4.795,6.5145,6.5935,6.87425,8.58233333333333,5.9635,8.6695,6.859,4.0685,4.791,6.5075,3.7785,7.39,1.738,3.581
"Franklin","WI",42.8854,-88.0104,36685,8.671,4.915,5.526,6.5145,4.177,7.989,8.59433333333333,6.1225,4.346,6.8375,5.064,4.267,4.8305,4.204,4.844,1.5875,2.005
"Fremont","CA",37.5265,-121.9843,231502,8.671,4.68725,2.618,6.5145,8.6245,6.4815,8.748,1,5.6055,9.407,7.014,5.7155,10,4.488,8.0125,3.6545,10
"Fresno","TX",29.5357,-95.4696,23921,8.671,4.03075,6.162,6.5145,4.928,5.3045,8.611,5.2245,6.2485,7.144,5.386,3.129,7.9345,4.772,5.34,4.3385,4.474
"Frisco","TX",33.156,-96.8216,193140,8.671,4.4705,6.091,6.5145,4.284,6.693,8.43933333333333,5.259,6.461,7.1685,4.502,4.339,7.9395,4.772,5.294,4.7465,4.916
"Fullerton","CA",33.8841,-117.9279,142964,8.57466666666667,3.677,4.556,6.5145,8.6245,4.7315,8.43966666666667,1.5275,5.4965,9.196,6.747,5.705,10,4.7675,6.96,3.9585,10
"Gainesville","GA",34.2902,-83.8294,139507,8.671,3.89775,5.241,6.5145,6.457,5.81775,8.534,4.9755,6.4805,7.7655,5.0095,2.6725,8.835,4.204,4.062,5.2915,7.257
"Gainesville","VA",38.7931,-77.6347,17081,8.671,4.457,3.595,6.5145,5.9685,6.99375,8.49066666666667,1.2105,3.8255,10,5.0235,2.1915,8.774,4.062,6.5495,4.505,8.056
"Gaithersburg","MD",39.1346,-77.2131,68827,8.671,4.457,3.595,6.5145,5.9685,6.99375,8.49066666666667,1.2105,3.8255,10,5.0235,2.1915,8.774,4.062,6.5495,4.505,8.056
"Germantown","IL",38.5552,-89.5412,1220,8.671,5.0855,5.504,6.5145,5.2715,7.37425,8.87733333333333,6.958,8.909,7.6425,4.8285,3.8805,5.424,4.062,4.376,2.5315,3.885
"Germantown","TN",35.0829,-89.7824,40955,8.671,1.9175,5.829,6.5145,3.6245,4.54525,7.52366666666667,7.1145,6.07,6.8605,3.5695,2.8585,4.4495,4.772,4.0405,1.6615,NA
"Germantown","WI",43.2343,-88.1217,20780,8.671,4.915,5.526,6.5145,4.177,7.989,8.59433333333333,6.1225,4.346,6.8375,5.064,4.267,4.8305,4.204,4.844,1.5875,2.005
"Gilbert","AZ",33.31,-111.7463,262249,8.671,4.8285,6.208,6.5145,4.591,4.62525,8.56733333333333,6.533,6.178,6.81,6.7355,2.583,6.5085,4.488,5.565,3.3025,4.558
"Gilroy","CA",37.0046,-121.5854,114461,8.671,4.68725,2.618,6.5145,8.6245,6.4815,8.748,1,5.6055,9.407,7.014,5.7155,10,4.488,8.0125,3.6545,10
"Glen Allen","VA",37.666,-77.4838,14783,8.671,5.6485,5.949,6.5145,3.6245,6.62175,8.85533333333333,6.4395,7.6455,6.3385,1.035,3.3765,4.2705,4.204,7.151,1.38,2.097
"Glendale","AZ",33.5791,-112.2311,245685,8.671,4.8285,6.208,6.5145,4.591,4.62525,8.56733333333333,6.533,6.178,6.81,6.7355,2.583,6.5085,4.488,5.565,3.3025,4.558
"Glendale","CA",34.1819,-118.2468,196512,8.57466666666667,3.677,4.556,6.5145,8.6245,4.7315,8.43966666666667,1.5275,5.4965,9.196,6.747,5.705,10,4.7675,6.96,3.9585,10
"Glendale","CO",39.7036,-104.9352,4605,8.671,4.53,5.102,6.5145,3.6245,7.11675,8.61566666666667,3.8375,5.4185,6.2235,7.933,5.371,7.8645,4.346,7.8605,4.243,6.117
"Glendale","MO",38.5935,-90.3826,6143,8.671,5.0855,5.504,6.5145,5.2715,7.37425,8.87733333333333,6.958,8.909,7.6425,4.8285,3.8805,5.424,4.062,4.376,2.5315,3.885
"Glendale","OH",39.2706,-84.4584,1930,8.671,4.582375,5.8515,6.5145,4.4495,7.18,8.7685,6.91675,5.99425,5.90725,4.13825,4.306,5.53025,3.9205,5.03725,2.002,3.1775
"Glendale","WI",43.1287,-87.9277,13313,8.671,4.915,5.526,6.5145,4.177,7.989,8.59433333333333,6.1225,4.346,6.8375,5.064,4.267,4.8305,4.204,4.844,1.5875,2.005
"Greenville","GA",33.0322,-84.7163,1186,8.671,3.89775,5.241,6.5145,6.457,5.81775,8.534,4.9755,6.4805,7.7655,5.0095,2.6725,8.835,4.204,4.062,5.2915,7.257
"Greenville","NY",40.9986,-73.8189,9417,8.671,5.51925,2.342,6.5145,8.0935,5.23375,8.50166666666667,1,7.0985,10,5.7475,7.022,10,3.9205,6.7125,6.675,10
"Greenwood Village","CO",39.6153,-104.9131,15548,8.671,4.53,5.102,6.5145,3.6245,7.11675,8.61566666666667,3.8375,5.4185,6.2235,7.933,5.371,7.8645,4.346,7.8605,4.243,6.117
"Hamilton","OH",39.3939,-84.5653,63127,8.671,4.7435,6.108,6.5145,4.2805,7.1095,8.638,6.6775,6.512,6.118,3.6075,4.975,6.0995,3.9205,5.299,1.9265,2.709
"Hanover","IL",42.2553,-90.2737,783,8.671,5.0855,5.504,6.5145,5.2715,7.37425,8.87733333333333,6.958,8.909,7.6425,4.8285,3.8805,5.424,4.062,4.376,2.5315,3.885
"Hanover","MN",45.1579,-93.6634,3501,8.671,4.925,5.042,6.5145,5.2745,8.362,8.972,4.7385,6.2585,6.8505,5.096,5.085,6.5265,4.062,7.288,3.544,5.523
"Harrisburg","NC",35.3125,-80.6485,18415,8.671,4.134,4.987,6.5145,3.6245,8.00925,8.81133333333333,5.549,6.387,5.606,1.3115,5.3475,6.248,4.062,6.7895,3.679,2.878
"Hartford","IL",38.8183,-90.0915,1846,8.671,5.0855,5.504,6.5145,5.2715,7.37425,8.87733333333333,6.958,8.909,7.6425,4.8285,3.8805,5.424,4.062,4.376,2.5315,3.885
"Hartford","WI",43.3223,-88.3784,15526,8.671,4.915,5.526,6.5145,4.177,7.989,8.59433333333333,6.1225,4.346,6.8375,5.064,4.267,4.8305,4.204,4.844,1.5875,2.005
"Hawaiian Gardens","CA",33.8304,-118.0728,14178,8.57466666666667,3.677,4.556,6.5145,8.6245,4.7315,8.43966666666667,1.5275,5.4965,9.196,6.747,5.705,10,4.7675,6.96,3.9585,10
"Hawthorne","CA",33.9147,-118.3476,87863,8.57466666666667,3.677,4.556,6.5145,8.6245,4.7315,8.43966666666667,1.5275,5.4965,9.196,6.747,5.705,10,4.7675,6.96,3.9585,10
"Hawthorne","NJ",40.9579,-74.1582,19507,8.671,5.51925,2.342,6.5145,8.0935,5.23375,8.50166666666667,1,7.0985,10,5.7475,7.022,10,3.9205,6.7125,6.675,10
"Hayward","CA",37.6328,-122.0766,162254,8.671,4.68725,2.618,6.5145,8.6245,6.4815,8.748,1,5.6055,9.407,7.014,5.7155,10,4.488,8.0125,3.6545,10
"Hazelwood","MO",38.7931,-90.3899,25466,8.671,5.0855,5.504,6.5145,5.2715,7.37425,8.87733333333333,6.958,8.909,7.6425,4.8285,3.8805,5.424,4.062,4.376,2.5315,3.885
"Herndon","VA",38.9699,-77.3867,24574,8.671,4.457,3.595,6.5145,5.9685,6.99375,8.49066666666667,1.2105,3.8255,10,5.0235,2.1915,8.774,4.062,6.5495,4.505,8.056
"Highland Park","IL",42.1823,-87.8104,30245,8.671,4.57975,4.766,6.5145,7.999,6.8045,8.555,3.702,6.5995,8.193,5.4155,3.832,9.513,4.062,6.134,5.5075,8.368
"Highland Park","MI",42.4052,-83.0977,9304,8.671,0.933,6.032,6.5145,5.8185,4.04675,8.279,6.223,6.167,7.478,5.3875,4.4615,5.4015,3.7785,3.678,3.6405,5.184
"Highland Park","NJ",40.5006,-74.4283,14947,8.671,5.51925,2.342,6.5145,8.0935,5.23375,8.50166666666667,1,7.0985,10,5.7475,7.022,10,3.9205,6.7125,6.675,10
"Highland Park","TX",32.8311,-96.8012,8895,8.671,4.4705,6.091,6.5145,4.284,6.693,8.43933333333333,5.259,6.461,7.1685,4.502,4.339,7.9395,4.772,5.294,4.7465,4.916
"Hillsboro","MO",38.2331,-90.5671,3425,8.671,5.0855,5.504,6.5145,5.2715,7.37425,8.87733333333333,6.958,8.909,7.6425,4.8285,3.8805,5.424,4.062,4.376,2.5315,3.885
"Hillsboro","OR",45.5273,-122.936,105909,8.671,4.908,4.924,6.5145,4.2155,8.4595,8.59666666666667,4.138,5.9685,6.2195,6.304,5.1805,6.957,3.9205,8.1595,2.2405,5.899
"Hoboken","NJ",40.7452,-74.0281,59369,8.671,5.51925,2.342,6.5145,8.0935,5.23375,8.50166666666667,1,7.0985,10,5.7475,7.022,10,3.9205,6.7125,6.675,10
"Hoffman Estates","IL",42.064,-88.1468,52153,8.671,4.57975,4.766,6.5145,7.999,6.8045,8.555,3.702,6.5995,8.193,5.4155,3.832,9.513,4.062,6.134,5.5075,8.368
"Hollywood","FL",26.0293,-80.1679,152597,8.671,4.05275,4.497,6.5145,4.3945,6.292,8.529,3.031,5.824,6.7675,5.3845,4.321,8.0225,4.772,6.0435,4.169,5.055
"Honolulu","HI",21.3294,-157.846,835291,8.671,4.16175,2.867,6.5145,4.2805,6.094,8.474,2.3415,6.158,7.623,5.9175,6.8565,4.1335,4.204,7.774,1.983,NA
"Houston","PA",40.2494,-80.211,1224,8.671,4.308,4.795,6.5145,6.5935,6.87425,8.58233333333333,5.9635,8.6695,6.859,4.0685,4.791,6.5075,3.7785,7.39,1.738,3.581
"Houston","TX",29.786,-95.3885,5650910,8.671,4.03075,6.162,6.5145,4.928,5.3045,8.611,5.2245,6.2485,7.144,5.386,3.129,7.9345,4.772,5.34,4.3385,4.474
"Hudson","FL",28.3595,-82.6894,11230,8.671,1.40075,5.253,6.5145,4.2805,7.37875,8.78166666666667,5.696,7.195,6.434,5.497,4.7065,6.347,4.772,5.36,2.9055,3.778
"Hudson","TX",31.3287,-94.8014,4912,8.671,4.03075,6.162,6.5145,4.928,5.3045,8.611,5.2245,6.2485,7.144,5.386,3.129,7.9345,4.772,5.34,4.3385,4.474
"Hudson","WI",44.9639,-92.7312,14500,8.671,4.925,5.042,6.5145,5.2745,8.362,8.972,4.7385,6.2585,6.8505,5.096,5.085,6.5265,4.062,7.288,3.544,5.523
"Huntington Beach","CA",33.696,-118.0018,198735,8.57466666666667,3.677,4.556,6.5145,8.6245,4.7315,8.43966666666667,1.5275,5.4965,9.196,6.747,5.705,10,4.7675,6.96,3.9585,10
"Indianapolis","IN",39.7771,-86.1458,1659305,8.671,4.85875,5.478,6.5145,3.6245,6.1605,8.59766666666667,6.266,5.8755,7.299,3.965,3.968,5.503,4.062,6.87,1.6815,3.96
"Inwood","NY",40.6219,-73.7506,10533,8.671,5.51925,2.342,6.5145,8.0935,5.23375,8.50166666666667,1,7.0985,10,5.7475,7.022,10,3.9205,6.7125,6.675,10
"Irvine","CA",33.6772,-117.7738,297868,8.57466666666667,3.677,4.556,6.5145,8.6245,4.7315,8.43966666666667,1.5275,5.4965,9.196,6.747,5.705,10,4.7675,6.96,3.9585,10
"Irving","TX",32.8583,-96.9702,254184,8.671,4.4705,6.091,6.5145,4.284,6.693,8.43933333333333,5.259,6.461,7.1685,4.502,4.339,7.9395,4.772,5.294,4.7465,4.916
"Iselin","NJ",40.5697,-74.3172,17684,8.671,5.51925,2.342,6.5145,8.0935,5.23375,8.50166666666667,1,7.0985,10,5.7475,7.022,10,3.9205,6.7125,6.675,10
"Issaquah","WA",47.5439,-122.0471,39057,8.671,4.52375,3.79,6.5145,5.7145,7.56025,8.72433333333333,2.291,4.9405,8.1155,7.2095,5.6365,8.367,4.772,8.0895,2.8845,7.551
"Jacksonville","FL",30.3322,-81.6749,1220191,8.671,1.40575,5.359,6.5145,3.6245,7.12025,8.498,6.45,6.1575,5.6545,5.013,3.8255,4.3475,4.772,5.6785,1.5675,2.545
"Jacksonville","OH",39.4761,-82.0796,332,8.671,5.02675,5.746,6.5145,5.0475,8.166,8.689,6.2895,4.5535,6.466,4.545,5.2815,5.8785,3.9205,5.9215,1.663,4.973
"Jamaica Beach","TX",29.1904,-94.98,1037,8.671,4.03075,6.162,6.5145,4.928,5.3045,8.611,5.2245,6.2485,7.144,5.386,3.129,7.9345,4.772,5.34,4.3385,4.474
"Jersey City","NJ",40.7184,-74.0686,287146,8.671,5.51925,2.342,6.5145,8.0935,5.23375,8.50166666666667,1,7.0985,10,5.7475,7.022,10,3.9205,6.7125,6.675,10
"Johnston","IA",41.691,-93.7234,23418,8.671,2.07225,6.327,6.5145,3.6245,8.68225,8.84133333333333,6.851,5.698,6.0665,3.2995,6.984,2.912,4.346,8.4765,1.379,1.818
"Kaneohe","HI",21.4062,-157.7904,34509,8.671,4.16175,2.867,6.5145,4.2805,6.094,8.474,2.3415,6.158,7.623,5.9175,6.8565,4.1335,4.204,7.774,1.983,NA
"Kansas City","KS",39.1235,-94.7443,155745,8.671,1.9725,5.844,6.5145,3.6245,7.9765,8.77566666666667,6.7075,8.1885,6.6745,4.1615,4.4225,2.794,4.062,5.0205,1.869,3.538
"Kansas City","MO",39.1238,-94.5541,1644497,8.671,1.9725,5.844,6.5145,3.6245,7.9765,8.77566666666667,6.7075,8.1885,6.6745,4.1615,4.4225,2.794,4.062,5.0205,1.869,3.538
"Kent","WA",47.3887,-122.2128,134890,8.671,4.52375,3.79,6.5145,5.7145,7.56025,8.72433333333333,2.291,4.9405,8.1155,7.2095,5.6365,8.367,4.772,8.0895,2.8845,7.551
"King of Prussia","PA",40.0963,-75.3821,23841,8.671,4.1315,4.422,6.5145,6.0285,5.124,8.62166666666667,4.207,7.443,8.492,4.115,3.133,7.3625,3.7785,5.8645,3.556,5.216
"Kirkland","WA",47.697,-122.2057,91656,8.671,4.52375,3.79,6.5145,5.7145,7.56025,8.72433333333333,2.291,4.9405,8.1155,7.2095,5.6365,8.367,4.772,8.0895,2.8845,7.551
"Lafayette","CA",37.8919,-122.1189,25384,8.671,4.68725,2.618,6.5145,8.6245,6.4815,8.748,1,5.6055,9.407,7.014,5.7155,10,4.488,8.0125,3.6545,10
"Lafayette","CO",39.9946,-105.0998,99475,8.671,4.53,5.102,6.5145,3.6245,7.11675,8.61566666666667,3.8375,5.4185,6.2235,7.933,5.371,7.8645,4.346,7.8605,4.243,6.117
"Lafayette","OR",45.2463,-123.1115,4369,8.671,4.908,4.924,6.5145,4.2155,8.4595,8.59666666666667,4.138,5.9685,6.2195,6.304,5.1805,6.957,3.9205,8.1595,2.2405,5.899
"Lake Forest","CA",33.6605,-117.6714,85516,8.57466666666667,3.677,4.556,6.5145,8.6245,4.7315,8.43966666666667,1.5275,5.4965,9.196,6.747,5.705,10,4.7675,6.96,3.9585,10
"Lake Forest","IL",42.238,-87.8596,19450,8.671,4.57975,4.766,6.5145,7.999,6.8045,8.555,3.702,6.5995,8.193,5.4155,3.832,9.513,4.062,6.134,5.5075,8.368
"Lake Mary","FL",28.7592,-81.336,16459,8.671,4.33875,5.284,6.5145,3.6245,6.676,8.274,5.7785,4.886,5.9295,4.493,4.134,6.5975,4.772,5.784,3.7735,2.464
"Langhorne","PA",40.1777,-74.9212,1655,8.671,4.1315,4.422,6.5145,6.0285,5.124,8.62166666666667,4.207,7.443,8.492,4.115,3.133,7.3625,3.7785,5.8645,3.556,5.216
"Lansing","IL",41.5648,-87.5462,28916,8.671,4.57975,4.766,6.5145,7.999,6.8045,8.555,3.702,6.5995,8.193,5.4155,3.832,9.513,4.062,6.134,5.5075,8.368
"Lansing","KS",39.2428,-94.8972,11321,8.671,1.9725,5.844,6.5145,3.6245,7.9765,8.77566666666667,6.7075,8.1885,6.6745,4.1615,4.4225,2.794,4.062,5.0205,1.869,3.538
"Las Vegas","NV",36.2333,-115.2654,2150373,8.671,4.8075,5.759,6.5145,3.6245,5.5565,7.98466666666667,7.001,5.3035,6.3685,5.385,2.385,7.515,4.772,7.275,3.5285,2.022
"Lebanon","IL",38.6005,-89.8114,4737,8.671,5.0855,5.504,6.5145,5.2715,7.37425,8.87733333333333,6.958,8.909,7.6425,4.8285,3.8805,5.424,4.062,4.376,2.5315,3.885
"Lebanon","IN",40.0324,-86.4551,17196,8.671,4.85875,5.478,6.5145,3.6245,6.1605,8.59766666666667,6.266,5.8755,7.299,3.965,3.968,5.503,4.062,6.87,1.6815,3.96
"Lenexa","KS",38.9609,-94.8018,56755,8.671,1.9725,5.844,6.5145,3.6245,7.9765,8.77566666666667,6.7075,8.1885,6.6745,4.1615,4.4225,2.794,4.062,5.0205,1.869,3.538
"Lexington","MN",45.1381,-93.1714,2071,8.671,4.925,5.042,6.5145,5.2745,8.362,8.972,4.7385,6.2585,6.8505,5.096,5.085,6.5265,4.062,7.288,3.544,5.523
"Littleton","CO",39.5915,-105.0188,45465,8.671,4.53,5.102,6.5145,3.6245,7.11675,8.61566666666667,3.8375,5.4185,6.2235,7.933,5.371,7.8645,4.346,7.8605,4.243,6.117
"Livermore","CA",37.6868,-121.7607,88403,8.671,4.68725,2.618,6.5145,8.6245,6.4815,8.748,1,5.6055,9.407,7.014,5.7155,10,4.488,8.0125,3.6545,10
"London","OH",39.8935,-83.4375,10362,8.671,5.02675,5.746,6.5145,5.0475,8.166,8.689,6.2895,4.5535,6.466,4.545,5.2815,5.8785,3.9205,5.9215,1.663,4.973
"Long Beach","CA",33.7977,-118.167,466565,8.57466666666667,3.677,4.556,6.5145,8.6245,4.7315,8.43966666666667,1.5275,5.4965,9.196,6.747,5.705,10,4.7675,6.96,3.9585,10
"Long Beach","NY",40.5887,-73.666,34820,8.671,5.51925,2.342,6.5145,8.0935,5.23375,8.50166666666667,1,7.0985,10,5.7475,7.022,10,3.9205,6.7125,6.675,10
"Los Alamitos","CA",33.7971,-118.0592,11780,8.57466666666667,3.677,4.556,6.5145,8.6245,4.7315,8.43966666666667,1.5275,5.4965,9.196,6.747,5.705,10,4.7675,6.96,3.9585,10
"Los Altos","CA",37.3684,-122.0965,31562,8.671,2.20275,NA,6.5145,3.6245,6.7265,8.88533333333333,0.5,7.142,NA,1.75,7.637,8.2945,4.488,8.454,3.1505,9.623
"Los Angeles","CA",34.1141,-118.4068,12121244,8.57466666666667,3.677,4.556,6.5145,8.6245,4.7315,8.43966666666667,1.5275,5.4965,9.196,6.747,5.705,10,4.7675,6.96,3.9585,10
"Los Gatos","CA",37.2304,-121.9562,33309,8.671,4.68725,2.618,6.5145,8.6245,6.4815,8.748,1,5.6055,9.407,7.014,5.7155,10,4.488,8.0125,3.6545,10
"Louisville","CO",39.971,-105.1441,21091,8.671,4.53,5.102,6.5145,3.6245,7.11675,8.61566666666667,3.8375,5.4185,6.2235,7.933,5.371,7.8645,4.346,7.8605,4.243,6.117
"Louisville","KY",38.1663,-85.6485,1022630,8.671,1.954,6.358,6.5145,3.6245,6.60125,8.55833333333333,7.258,5.527,5.6935,1.3,3.6175,4.254,4.062,5.7785,1.473,2.293
"Loveland","OH",39.2677,-84.2733,13125,8.671,4.7435,6.108,6.5145,4.2805,7.1095,8.638,6.6775,6.512,6.118,3.6075,4.975,6.0995,3.9205,5.299,1.9265,2.709
"Lynn","MA",42.4781,-70.9664,100233,8.671,4.39625,4.259,6.5145,8.6245,8.1705,8.956,1,5.7005,8.564,5.66,7.742,9.565,4.062,8.4815,3.215,10
"Madison","GA",33.5793,-83.4758,4404,8.671,3.89775,5.241,6.5145,6.457,5.81775,8.534,4.9755,6.4805,7.7655,5.0095,2.6725,8.835,4.204,4.062,5.2915,7.257
"Madison","IL",38.7024,-90.1501,2752,8.671,5.0855,5.504,6.5145,5.2715,7.37425,8.87733333333333,6.958,8.909,7.6425,4.8285,3.8805,5.424,4.062,4.376,2.5315,3.885
"Madison","NJ",40.7586,-74.4169,16819,8.671,5.51925,2.342,6.5145,8.0935,5.23375,8.50166666666667,1,7.0985,10,5.7475,7.022,10,3.9205,6.7125,6.675,10
"Madison","WI",43.0822,-89.393,461778,8.671,5.47375,6.173,6.5145,5.386,9.524,9.02366666666667,5.8295,4.9925,4.422,4.376,7.362,4.017,4.204,7.9005,1.2295,2.913
"Malvern","PA",40.0329,-75.5146,3368,8.671,4.1315,4.422,6.5145,6.0285,5.124,8.62166666666667,4.207,7.443,8.492,4.115,3.133,7.3625,3.7785,5.8645,3.556,5.216
"Manassas","VA",38.7479,-77.4838,42596,8.671,4.457,3.595,6.5145,5.9685,6.99375,8.49066666666667,1.2105,3.8255,10,5.0235,2.1915,8.774,4.062,6.5495,4.505,8.056
"Manchester","GA",32.8565,-84.6329,3647,8.671,3.89775,5.241,6.5145,6.457,5.81775,8.534,4.9755,6.4805,7.7655,5.0095,2.6725,8.835,4.204,4.062,5.2915,7.257
"Manchester","MI",42.1483,-84.0346,2283,8.671,0.933,6.032,6.5145,5.8185,4.04675,8.279,6.223,6.167,7.478,5.3875,4.4615,5.4015,3.7785,3.678,3.6405,5.184
"Manchester","MO",38.583,-90.5064,18308,8.671,5.0855,5.504,6.5145,5.2715,7.37425,8.87733333333333,6.958,8.909,7.6425,4.8285,3.8805,5.424,4.062,4.376,2.5315,3.885
"Manchester","VA",37.4902,-77.5396,12192,8.671,5.6485,5.949,6.5145,3.6245,6.62175,8.85533333333333,6.4395,7.6455,6.3385,1.035,3.3765,4.2705,4.204,7.151,1.38,2.097
"Manchester","WA",47.5519,-122.5517,5928,8.671,4.52375,3.79,6.5145,5.7145,7.56025,8.72433333333333,2.291,4.9405,8.1155,7.2095,5.6365,8.367,4.772,8.0895,2.8845,7.551
"Manhattan Beach","CA",33.8894,-118.3967,35585,8.57466666666667,3.677,4.556,6.5145,8.6245,4.7315,8.43966666666667,1.5275,5.4965,9.196,6.747,5.705,10,4.7675,6.96,3.9585,10
"Manhattan","IL",41.4274,-87.9805,9366,8.671,4.57975,4.766,6.5145,7.999,6.8045,8.555,3.702,6.5995,8.193,5.4155,3.832,9.513,4.062,6.134,5.5075,8.368
"Manhattan","NY",40.7834,-73.9662,1694263,8.671,5.51925,2.342,6.5145,8.0935,5.23375,8.50166666666667,1,7.0985,10,5.7475,7.022,10,3.9205,6.7125,6.675,10
"Marietta","GA",33.9533,-84.5422,60962,8.671,3.89775,5.241,6.5145,6.457,5.81775,8.534,4.9755,6.4805,7.7655,5.0095,2.6725,8.835,4.204,4.062,5.2915,7.257
"Marlborough","MA",42.3494,-71.5468,41505,8.671,4.39625,4.259,6.5145,8.6245,8.1705,8.956,1,5.7005,8.564,5.66,7.742,9.565,4.062,8.4815,3.215,10
"Marlborough","MO",38.5683,-90.3392,2753,8.671,5.0855,5.504,6.5145,5.2715,7.37425,8.87733333333333,6.958,8.909,7.6425,4.8285,3.8805,5.424,4.062,4.376,2.5315,3.885
"Maryland Heights","MO",38.7189,-90.4749,28141,8.671,5.0855,5.504,6.5145,5.2715,7.37425,8.87733333333333,6.958,8.909,7.6425,4.8285,3.8805,5.424,4.062,4.376,2.5315,3.885
"Mason","OH",39.3571,-84.3023,34337,8.671,4.7435,6.108,6.5145,4.2805,7.1095,8.638,6.6775,6.512,6.118,3.6075,4.975,6.0995,3.9205,5.299,1.9265,2.709
"McLean","VA",38.9436,-77.1943,49310,8.671,4.457,3.595,6.5145,5.9685,6.99375,8.49066666666667,1.2105,3.8255,10,5.0235,2.1915,8.774,4.062,6.5495,4.505,8.056
"Mechanicsburg","IL",39.8021,-89.4067,828,8.671,5.0855,5.504,6.5145,5.2715,7.37425,8.87733333333333,6.958,8.909,7.6425,4.8285,3.8805,5.424,4.062,4.376,2.5315,3.885
"Mechanicsburg","OH",40.0735,-83.5564,1731,8.671,4.308,4.795,6.5145,6.5935,6.87425,8.58233333333333,5.9635,8.6695,6.859,4.0685,4.791,6.5075,3.7785,7.39,1.738,3.581
"Memphis","FL",27.5435,-82.5608,11012,8.671,1.40075,5.253,6.5145,4.2805,7.37875,8.78166666666667,5.696,7.195,6.434,5.497,4.7065,6.347,4.772,5.36,2.9055,3.778
"Memphis","MI",42.8956,-82.7689,1050,8.671,0.933,6.032,6.5145,5.8185,4.04675,8.279,6.223,6.167,7.478,5.3875,4.4615,5.4015,3.7785,3.678,3.6405,5.184
"Memphis","TN",35.1087,-89.9663,1034498,8.671,1.9175,5.829,6.5145,3.6245,4.54525,7.52366666666667,7.1145,6.07,6.8605,3.5695,2.8585,4.4495,4.772,4.0405,1.6615,NA
"Menlo Park","CA",37.4685,-122.1673,33677,8.671,2.20275,NA,6.5145,3.6245,6.7265,8.88533333333333,0.5,7.142,NA,1.75,7.637,8.2945,4.488,8.454,3.1505,9.623
"Menomonee Falls","WI",43.1487,-88.1227,38219,8.671,4.915,5.526,6.5145,4.177,7.989,8.59433333333333,6.1225,4.346,6.8375,5.064,4.267,4.8305,4.204,4.844,1.5875,2.005
"Mesa","AZ",33.4015,-111.7178,497752,8.671,4.8285,6.208,6.5145,4.591,4.62525,8.56733333333333,6.533,6.178,6.81,6.7355,2.583,6.5085,4.488,5.565,3.3025,4.558
"Miami Beach","FL",25.8171,-80.1396,83469,8.671,4.05275,4.497,6.5145,4.3945,6.292,8.529,3.031,5.824,6.7675,5.3845,4.321,8.0225,4.772,6.0435,4.169,5.055
"Miami","FL",25.784,-80.2101,5711945,8.671,4.05275,4.497,6.5145,4.3945,6.292,8.529,3.031,5.824,6.7675,5.3845,4.321,8.0225,4.772,6.0435,4.169,5.055
"Middletown","KY",38.241,-85.5214,9473,8.671,1.954,6.358,6.5145,3.6245,6.60125,8.55833333333333,7.258,5.527,5.6935,1.3,3.6175,4.254,4.062,5.7785,1.473,2.293
"Middletown","NY",41.4459,-74.4236,30086,8.671,5.51925,2.342,6.5145,8.0935,5.23375,8.50166666666667,1,7.0985,10,5.7475,7.022,10,3.9205,6.7125,6.675,10
"Middletown","PA",40.201,-76.7289,9469,8.671,4.308,4.795,6.5145,6.5935,6.87425,8.58233333333333,5.9635,8.6695,6.859,4.0685,4.791,6.5075,3.7785,7.39,1.738,3.581
"Middletown","PA",40.644,-75.3244,7495,8.671,4.308,4.795,6.5145,6.5935,6.87425,8.58233333333333,5.9635,8.6695,6.859,4.0685,4.791,6.5075,3.7785,7.39,1.738,3.581
"Midvale","UT",40.6148,-111.8927,35313,8.671,4.574,6.172,6.5145,4.2805,6.21575,8.81866666666667,6.141,6.8105,5.932,6.641,5.657,6.3,4.204,8.6225,2.737,7.09
"Milford","MI",42.587,-83.6012,6511,8.671,0.933,6.032,6.5145,5.8185,4.04675,8.279,6.223,6.167,7.478,5.3875,4.4615,5.4015,3.7785,3.678,3.6405,5.184
"Milford","NJ",40.5694,-75.0916,1141,8.671,5.51925,2.342,6.5145,8.0935,5.23375,8.50166666666667,1,7.0985,10,5.7475,7.022,10,3.9205,6.7125,6.675,10
"Milford","OH",39.1699,-84.2811,6549,8.671,4.7435,6.108,6.5145,4.2805,7.1095,8.638,6.6775,6.512,6.118,3.6075,4.975,6.0995,3.9205,5.299,1.9265,2.709
"Mill Valley","CA",37.9086,-122.5421,14240,8.671,4.68725,2.618,6.5145,8.6245,6.4815,8.748,1,5.6055,9.407,7.014,5.7155,10,4.488,8.0125,3.6545,10
"Milpitas","CA",37.4336,-121.8921,79593,8.671,4.68725,2.618,6.5145,8.6245,6.4815,8.748,1,5.6055,9.407,7.014,5.7155,10,4.488,8.0125,3.6545,10
"Milwaukee","WI",43.0642,-87.9675,1340981,8.671,4.915,5.526,6.5145,4.177,7.989,8.59433333333333,6.1225,4.346,6.8375,5.064,4.267,4.8305,4.204,4.844,1.5875,2.005
"Minneapolis","MN",44.9635,-93.2678,2856952,8.671,4.925,5.042,6.5145,5.2745,8.362,8.972,4.7385,6.2585,6.8505,5.096,5.085,6.5265,4.062,7.288,3.544,5.523
"Minnetonka","MN",44.9322,-93.4598,53809,8.671,4.925,5.042,6.5145,5.2745,8.362,8.972,4.7385,6.2585,6.8505,5.096,5.085,6.5265,4.062,7.288,3.544,5.523
"Miramar","FL",25.9773,-80.3351,134306,8.671,4.05275,4.497,6.5145,4.3945,6.292,8.529,3.031,5.824,6.7675,5.3845,4.321,8.0225,4.772,6.0435,4.169,5.055
"Missouri City","TX",29.563,-95.5365,73682,8.671,4.03075,6.162,6.5145,4.928,5.3045,8.611,5.2245,6.2485,7.144,5.386,3.129,7.9345,4.772,5.34,4.3385,4.474
"Monroe","GA",33.799,-83.7161,14675,8.671,3.89775,5.241,6.5145,6.457,5.81775,8.534,4.9755,6.4805,7.7655,5.0095,2.6725,8.835,4.204,4.062,5.2915,7.257
"Monroe","MI",41.9155,-83.3849,20344,8.671,0.933,6.032,6.5145,5.8185,4.04675,8.279,6.223,6.167,7.478,5.3875,4.4615,5.4015,3.7785,3.678,3.6405,5.184
"Monroe","WA",47.8595,-121.9851,19879,8.671,4.52375,3.79,6.5145,5.7145,7.56025,8.72433333333333,2.291,4.9405,8.1155,7.2095,5.6365,8.367,4.772,8.0895,2.8845,7.551
"Montvale","NJ",41.0529,-74.0499,8413,8.671,5.51925,2.342,6.5145,8.0935,5.23375,8.50166666666667,1,7.0985,10,5.7475,7.022,10,3.9205,6.7125,6.675,10
"Morris Plains","NJ",40.8356,-74.4786,6081,8.671,5.51925,2.342,6.5145,8.0935,5.23375,8.50166666666667,1,7.0985,10,5.7475,7.022,10,3.9205,6.7125,6.675,10
"Morristown","IN",39.6738,-85.7052,1129,8.671,4.85875,5.478,6.5145,3.6245,6.1605,8.59766666666667,6.266,5.8755,7.299,3.965,3.968,5.503,4.062,6.87,1.6815,3.96
"Morristown","NJ",40.7967,-74.4772,20003,8.671,5.51925,2.342,6.5145,8.0935,5.23375,8.50166666666667,1,7.0985,10,5.7475,7.022,10,3.9205,6.7125,6.675,10
"Morrisville","NC",35.8368,-78.8348,28824,8.671,4.78425,5.61,6.5145,7.1165,8.58375,8.96666666666667,6.1285,7.9515,6.613,3.3905,6.5225,5.497,4.062,7.562,1.757,5.157
"Morrisville","PA",40.2074,-74.78,9675,8.671,4.1315,4.422,6.5145,6.0285,5.124,8.62166666666667,4.207,7.443,8.492,4.115,3.133,7.3625,3.7785,5.8645,3.556,5.216
"Moscow Mills","MO",38.94,-90.9254,3329,8.671,5.0855,5.504,6.5145,5.2715,7.37425,8.87733333333333,6.958,8.909,7.6425,4.8285,3.8805,5.424,4.062,4.376,2.5315,3.885
"Mountain View","CA",37.4001,-122.0796,82409,8.63888888888889,4.3505,3.264,6.5145,8.6245,5.89816666666667,8.64522222222222,1.17583333333333,5.56916666666667,9.33666666666667,6.925,5.712,10,4.58116666666667,7.66166666666667,3.75583333333333,10
"Murray","UT",40.6498,-111.8874,50183,8.671,4.574,6.172,6.5145,4.2805,6.21575,8.81866666666667,6.141,6.8105,5.932,6.641,5.657,6.3,4.204,8.6225,2.737,7.09
"Naperville","IL",41.748,-88.1659,149013,8.671,4.57975,4.766,6.5145,7.999,6.8045,8.555,3.702,6.5995,8.193,5.4155,3.832,9.513,4.062,6.134,5.5075,8.368
"Nashville","TN",36.1715,-86.7842,1098486,8.671,4.501,5.742,6.5145,4.733,7.0565,8.37033333333333,4.4545,6.637,7.02,1.2735,5.078,6.06,4.772,6.8075,1.908,3.569
"New Braunfels","TX",29.6994,-98.1148,87549,8.671,4.96475,6.683,6.5145,4.152,6.2015,8.63333333333333,6.402,8.0745,6.6955,3.4185,4.2165,5.356,4.772,6.254,1.6815,3.53
"New Brunswick","NJ",40.487,-74.445,55671,8.671,5.51925,2.342,6.5145,8.0935,5.23375,8.50166666666667,1,7.0985,10,5.7475,7.022,10,3.9205,6.7125,6.675,10
"New Haven","MI",42.7306,-82.7953,6035,8.671,0.933,6.032,6.5145,5.8185,4.04675,8.279,6.223,6.167,7.478,5.3875,4.4615,5.4015,3.7785,3.678,3.6405,5.184
"New Orleans","LA",30.0687,-89.9288,925443,8.671,4.6275,4.992,6.5145,4.152,5.674,8.31166666666667,5.339,6.453,7.1985,1,2.088,4.7365,4.346,5.124,1.757,1.21
"New Providence","NJ",40.6996,-74.4035,13570,8.671,5.51925,2.342,6.5145,8.0935,5.23375,8.50166666666667,1,7.0985,10,5.7475,7.022,10,3.9205,6.7125,6.675,10
"New York","NY",40.6943,-73.9249,18972871,8.671,5.51925,2.342,6.5145,8.0935,5.23375,8.50166666666667,1,7.0985,10,5.7475,7.022,10,3.9205,6.7125,6.675,10
"Newark","CA",37.5201,-122.0307,47815,8.671,4.68725,2.618,6.5145,8.6245,6.4815,8.748,1,5.6055,9.407,7.014,5.7155,10,4.488,8.0125,3.6545,10
"Newark","NJ",40.7245,-74.1725,306247,8.671,5.51925,2.342,6.5145,8.0935,5.23375,8.50166666666667,1,7.0985,10,5.7475,7.022,10,3.9205,6.7125,6.675,10
"Newark","NY",43.0418,-77.093,9049,8.671,5.51925,2.342,6.5145,8.0935,5.23375,8.50166666666667,1,7.0985,10,5.7475,7.022,10,3.9205,6.7125,6.675,10
"Newark","TX",33.005,-97.4856,1100,8.671,4.4705,6.091,6.5145,4.284,6.693,8.43933333333333,5.259,6.461,7.1685,4.502,4.339,7.9395,4.772,5.294,4.7465,4.916
"Newport Beach","CA",33.6151,-117.8668,85806,8.57466666666667,3.677,4.556,6.5145,8.6245,4.7315,8.43966666666667,1.5275,5.4965,9.196,6.747,5.705,10,4.7675,6.96,3.9585,10
"Newton","MA",42.3316,-71.2085,88647,8.671,4.39625,4.259,6.5145,8.6245,8.1705,8.956,1,5.7005,8.564,5.66,7.742,9.565,4.062,8.4815,3.215,10
"North Charleston","SC",32.9067,-80.0722,114542,8.671,4.62075,3.567,6.5145,3.6245,7.276,8.91433333333333,4.637,6.093,6.595,5.0095,5.0555,4.92,4.062,5.771,1.399,2.011
"Northbrook","IL",42.1292,-87.8352,35108,8.671,4.57975,4.766,6.5145,7.999,6.8045,8.555,3.702,6.5995,8.193,5.4155,3.832,9.513,4.062,6.134,5.5075,8.368
"Northbrook","OH",39.2467,-84.5796,11005,8.671,4.7435,6.108,6.5145,4.2805,7.1095,8.638,6.6775,6.512,6.118,3.6075,4.975,6.0995,3.9205,5.299,1.9265,2.709
"Norwalk","CA",33.9069,-118.0829,103330,8.57466666666667,3.677,4.556,6.5145,8.6245,4.7315,8.43966666666667,1.5275,5.4965,9.196,6.747,5.705,10,4.7675,6.96,3.9585,10
"Oakland","CA",37.7904,-122.2166,437548,8.671,4.68725,2.618,6.5145,8.6245,6.4815,8.748,1,5.6055,9.407,7.014,5.7155,10,4.488,8.0125,3.6545,10
"Oakland","FL",28.5535,-81.636,3444,8.671,4.33875,5.284,6.5145,3.6245,6.676,8.274,5.7785,4.886,5.9295,4.493,4.134,6.5975,4.772,5.784,3.7735,2.464
"Oakland","MO",38.5768,-90.3849,1473,8.671,5.0855,5.504,6.5145,5.2715,7.37425,8.87733333333333,6.958,8.909,7.6425,4.8285,3.8805,5.424,4.062,4.376,2.5315,3.885
"Oakland","NJ",41.0313,-74.2408,12773,8.671,5.51925,2.342,6.5145,8.0935,5.23375,8.50166666666667,1,7.0985,10,5.7475,7.022,10,3.9205,6.7125,6.675,10
"Ohio City","OH",40.7702,-84.6162,766,8.671,4.42125,5.595,6.5145,4.6185,7.2505,8.899,7.156,5.4765,5.6965,4.669,3.637,4.961,3.9205,4.7755,2.0775,3.646
"Oklahoma City","OK",35.4676,-97.5136,994284,8.671,5.02725,6.394,6.5145,3.6245,7.61525,8.549,7.261,7.689,5.376,4.129,4.6855,4.1375,4.204,6.022,1.399,NA
"Olathe","KS",38.8833,-94.82,140339,8.671,1.9725,5.844,6.5145,3.6245,7.9765,8.77566666666667,6.7075,8.1885,6.6745,4.1615,4.4225,2.794,4.062,5.0205,1.869,3.538
"Oldsmar","FL",28.0506,-82.6698,14800,8.671,1.40075,5.253,6.5145,4.2805,7.37875,8.78166666666667,5.696,7.195,6.434,5.497,4.7065,6.347,4.772,5.36,2.9055,3.778
"Omaha","NE",41.2627,-96.0529,806485,8.671,2.12775,5.994,6.5145,4.128,7.876,8.88,7.0405,6.3065,4.942,4.181,5.552,4.012,4.204,5.801,1.4165,NA
"Ontario","CA",34.0393,-117.6064,175223,8.57466666666667,3.677,4.556,6.5145,8.6245,4.7315,8.43966666666667,1.5275,5.4965,9.196,6.747,5.705,10,4.7675,6.96,3.9585,10
"Orange","CA",33.8038,-117.8218,139195,8.57466666666667,3.677,4.556,6.5145,8.6245,4.7315,8.43966666666667,1.5275,5.4965,9.196,6.747,5.705,10,4.7675,6.96,3.9585,10
"Oregon City","OR",45.3418,-122.5924,37160,8.671,4.908,4.924,6.5145,4.2155,8.4595,8.59666666666667,4.138,5.9685,6.2195,6.304,5.1805,6.957,3.9205,8.1595,2.2405,5.899
"Orlando","FL",28.4773,-81.337,1927699,8.671,4.33875,5.284,6.5145,3.6245,6.676,8.274,5.7785,4.886,5.9295,4.493,4.134,6.5975,4.772,5.784,3.7735,2.464
"Overland Park","KS",38.887,-94.687,195249,8.671,1.9725,5.844,6.5145,3.6245,7.9765,8.77566666666667,6.7075,8.1885,6.6745,4.1615,4.4225,2.794,4.062,5.0205,1.869,3.538
"Owings Mills","MD",39.4115,-76.7913,35170,5.502,4.93475,4.982,6.5145,5.8805,5.7845,8.94466666666666,4.83,4.988,NA,3.9795,2.373,NA,4.062,5.755,3.6665,4.358
"Oxford","GA",33.6277,-83.8721,2022,8.671,3.89775,5.241,6.5145,6.457,5.81775,8.534,4.9755,6.4805,7.7655,5.0095,2.6725,8.835,4.204,4.062,5.2915,7.257
"Oxford","MI",42.8218,-83.2563,3490,8.671,0.933,6.032,6.5145,5.8185,4.04675,8.279,6.223,6.167,7.478,5.3875,4.4615,5.4015,3.7785,3.678,3.6405,5.184
"Oxford","OH",39.5061,-84.7446,22783,8.671,5.02675,5.746,6.5145,5.0475,8.166,8.689,6.2895,4.5535,6.466,4.545,5.2815,5.8785,3.9205,5.9215,1.663,4.973
"Palm Beach","FL",26.6945,-80.0408,9175,8.671,4.05275,4.497,6.5145,4.3945,6.292,8.529,3.031,5.824,6.7675,5.3845,4.321,8.0225,4.772,6.0435,4.169,5.055
"Palm Springs","FL",26.6348,-80.0969,26611,8.671,4.05275,4.497,6.5145,4.3945,6.292,8.529,3.031,5.824,6.7675,5.3845,4.321,8.0225,4.772,6.0435,4.169,5.055
"Palmdale","CA",34.5944,-118.1057,167987,8.57466666666667,3.677,4.556,6.5145,8.6245,4.7315,8.43966666666667,1.5275,5.4965,9.196,6.747,5.705,10,4.7675,6.96,3.9585,10
"Palo Alto","CA",37.3905,-122.1468,68624,8.671,2.20275,NA,6.5145,3.6245,6.7265,8.88533333333333,0.5,7.142,NA,1.75,7.637,8.2945,4.488,8.454,3.1505,9.623
"Parker","CO",39.5084,-104.7753,57311,8.671,4.53,5.102,6.5145,3.6245,7.11675,8.61566666666667,3.8375,5.4185,6.2235,7.933,5.371,7.8645,4.346,7.8605,4.243,6.117
"Parker","TX",33.0571,-96.6244,5352,8.671,4.4705,6.091,6.5145,4.284,6.693,8.43933333333333,5.259,6.461,7.1685,4.502,4.339,7.9395,4.772,5.294,4.7465,4.916
"Parsippany","NJ",40.8645,-74.4135,21931,8.671,5.51925,2.342,6.5145,8.0935,5.23375,8.50166666666667,1,7.0985,10,5.7475,7.022,10,3.9205,6.7125,6.675,10
"Pasadena","CA",34.1597,-118.139,138771,8.57466666666667,3.677,4.556,6.5145,8.6245,4.7315,8.43966666666667,1.5275,5.4965,9.196,6.747,5.705,10,4.7675,6.96,3.9585,10
"Pasadena","MD",39.1552,-76.5537,31583,8.671,4.457,3.595,6.5145,5.9685,6.99375,8.49066666666667,1.2105,3.8255,10,5.0235,2.1915,8.774,4.062,6.5495,4.505,8.056
"Pasadena","TX",29.6575,-95.1498,151964,8.671,4.03075,6.162,6.5145,4.928,5.3045,8.611,5.2245,6.2485,7.144,5.386,3.129,7.9345,4.772,5.34,4.3385,4.474
"Paterson","NJ",40.9147,-74.1624,157927,8.671,5.51925,2.342,6.5145,8.0935,5.23375,8.50166666666667,1,7.0985,10,5.7475,7.022,10,3.9205,6.7125,6.675,10
"Peachtree City","GA",33.3942,-84.571,37867,8.671,3.89775,5.241,6.5145,6.457,5.81775,8.534,4.9755,6.4805,7.7655,5.0095,2.6725,8.835,4.204,4.062,5.2915,7.257
"Philadelphia","PA",40.0077,-75.1339,5512873,8.671,4.1315,4.422,6.5145,6.0285,5.124,8.62166666666667,4.207,7.443,8.492,4.115,3.133,7.3625,3.7785,5.8645,3.556,5.216
"Phoenix","AZ",33.5722,-112.0892,4047095,8.671,4.8285,6.208,6.5145,4.591,4.62525,8.56733333333333,6.533,6.178,6.81,6.7355,2.583,6.5085,4.488,5.565,3.3025,4.558
"Phoenix","IL",41.6118,-87.6308,1314,8.671,4.57975,4.766,6.5145,7.999,6.8045,8.555,3.702,6.5995,8.193,5.4155,3.832,9.513,4.062,6.134,5.5075,8.368
"Pittsburg","CA",38.0182,-121.8965,75701,8.671,4.68725,2.618,6.5145,8.6245,6.4815,8.748,1,5.6055,9.407,7.014,5.7155,10,4.488,8.0125,3.6545,10
"Pittsburgh","PA",40.4397,-79.9763,1720279,8.671,4.308,4.795,6.5145,6.5935,6.87425,8.58233333333333,5.9635,8.6695,6.859,4.0685,4.791,6.5075,3.7785,7.39,1.738,3.581
"Plano","TX",33.0502,-96.7486,282181,8.671,4.4705,6.091,6.5145,4.284,6.693,8.43933333333333,5.259,6.461,7.1685,4.502,4.339,7.9395,4.772,5.294,4.7465,4.916
"Pleasanton","CA",37.6663,-121.8805,79558,8.671,4.68725,2.618,6.5145,8.6245,6.4815,8.748,1,5.6055,9.407,7.014,5.7155,10,4.488,8.0125,3.6545,10
"Plymouth Meeting","PA",40.1097,-75.2803,6744,8.671,4.1315,4.422,6.5145,6.0285,5.124,8.62166666666667,4.207,7.443,8.492,4.115,3.133,7.3625,3.7785,5.8645,3.556,5.216
"Plymouth","MI",42.3718,-83.468,9308,8.671,0.933,6.032,6.5145,5.8185,4.04675,8.279,6.223,6.167,7.478,5.3875,4.4615,5.4015,3.7785,3.678,3.6405,5.184
"Plymouth","MN",45.0225,-93.4617,80034,8.671,4.925,5.042,6.5145,5.2745,8.362,8.972,4.7385,6.2585,6.8505,5.096,5.085,6.5265,4.062,7.288,3.544,5.523
"Plymouth","PA",41.2404,-75.9507,5765,8.671,4.1315,4.422,6.5145,6.0285,5.124,8.62166666666667,4.207,7.443,8.492,4.115,3.133,7.3625,3.7785,5.8645,3.556,5.216
"Pontiac","MI",42.6493,-83.2878,61498,8.671,0.933,6.032,6.5145,5.8185,4.04675,8.279,6.223,6.167,7.478,5.3875,4.4615,5.4015,3.7785,3.678,3.6405,5.184
"Portland","ME",43.6773,-70.2715,220807,8.671,1.97025,NA,6.5145,3.6245,7.6755,7.747,NA,3.5465,3.305,4.978,6.3585,3.637,4.062,8.271,1.102,NA
"Portland","OR",45.5371,-122.65,2036875,8.671,4.908,4.924,6.5145,4.2155,8.4595,8.59666666666667,4.138,5.9685,6.2195,6.304,5.1805,6.957,3.9205,8.1595,2.2405,5.899
"Poway","CA",32.9871,-117.0201,49005,8.671,4.40975,5.156,6.5145,5.4575,7.26725,8.76766666666667,2.9335,5.999,8.21,6.396,6.933,8.3505,4.488,8.5395,2.622,8.595
"Princeton","FL",25.5396,-80.3971,36381,8.671,4.05275,4.497,6.5145,4.3945,6.292,8.529,3.031,5.824,6.7675,5.3845,4.321,8.0225,4.772,6.0435,4.169,5.055
"Princeton","TX",33.1778,-96.5044,16683,8.671,4.4705,6.091,6.5145,4.284,6.693,8.43933333333333,5.259,6.461,7.1685,4.502,4.339,7.9395,4.772,5.294,4.7465,4.916
"Providence","RI",41.823,-71.4187,1270149,8.671,2.422,NA,6.5145,5.3015,5.9005,8.88533333333333,3.153,8.9345,3.9185,1.084,6.846,3.764,4.204,7.49,3.0185,1
"Rahway","NJ",40.6077,-74.2807,29582,8.671,5.51925,2.342,6.5145,8.0935,5.23375,8.50166666666667,1,7.0985,10,5.7475,7.022,10,3.9205,6.7125,6.675,10
"Raleigh","NC",35.8324,-78.6429,1062018,8.671,4.78425,5.61,6.5145,7.1165,8.58375,8.96666666666667,6.1285,7.9515,6.613,3.3905,6.5225,5.497,4.062,7.562,1.757,5.157
"Redlands","CA",34.0512,-117.1712,72649,8.57466666666667,3.677,4.556,6.5145,8.6245,4.7315,8.43966666666667,1.5275,5.4965,9.196,6.747,5.705,10,4.7675,6.96,3.9585,10
"Redmond","WA",47.6763,-122.1169,72166,8.671,4.52375,3.79,6.5145,5.7145,7.56025,8.72433333333333,2.291,4.9405,8.1155,7.2095,5.6365,8.367,4.772,8.0895,2.8845,7.551
"Redondo Beach","CA",33.8577,-118.3765,70998,8.57466666666667,3.677,4.556,6.5145,8.6245,4.7315,8.43966666666667,1.5275,5.4965,9.196,6.747,5.705,10,4.7675,6.96,3.9585,10
"Redwood City","CA",37.5025,-122.2253,83905,8.671,4.68725,2.618,6.5145,8.6245,6.4815,8.748,1,5.6055,9.407,7.014,5.7155,10,4.488,8.0125,3.6545,10
"Reno","TX",33.6659,-95.4768,3425,8.671,4.4705,6.091,6.5145,4.284,6.693,8.43933333333333,5.259,6.461,7.1685,4.502,4.339,7.9395,4.772,5.294,4.7465,4.916
"Renton","WA",47.4784,-122.1918,105313,8.671,4.52375,3.79,6.5145,5.7145,7.56025,8.72433333333333,2.291,4.9405,8.1155,7.2095,5.6365,8.367,4.772,8.0895,2.8845,7.551
"Reston","VA",38.9497,-77.3461,62453,8.671,4.457,3.595,6.5145,5.9685,6.99375,8.49066666666667,1.2105,3.8255,10,5.0235,2.1915,8.774,4.062,6.5495,4.505,8.056
"Rialto","CA",34.1175,-117.3892,103799,8.57466666666667,3.677,4.556,6.5145,8.6245,4.7315,8.43966666666667,1.5275,5.4965,9.196,6.747,5.705,10,4.7675,6.96,3.9585,10
"Richardson","TX",32.9716,-96.7093,115904,8.671,4.4705,6.091,6.5145,4.284,6.693,8.43933333333333,5.259,6.461,7.1685,4.502,4.339,7.9395,4.772,5.294,4.7465,4.916
"Richmond","CA",37.9477,-122.3389,115677,8.671,4.68725,2.618,6.5145,8.6245,6.4815,8.748,1,5.6055,9.407,7.014,5.7155,10,4.488,8.0125,3.6545,10
"Richmond","MI",42.8094,-82.7518,5871,8.671,0.933,6.032,6.5145,5.8185,4.04675,8.279,6.223,6.167,7.478,5.3875,4.4615,5.4015,3.7785,3.678,3.6405,5.184
"Richmond","TX",29.5824,-95.7563,11768,8.671,4.03075,6.162,6.5145,4.928,5.3045,8.611,5.2245,6.2485,7.144,5.386,3.129,7.9345,4.772,5.34,4.3385,4.474
"Richmond","VA",37.5295,-77.4756,1008069,8.671,5.6485,5.949,6.5145,3.6245,6.62175,8.85533333333333,6.4395,7.6455,6.3385,1.035,3.3765,4.2705,4.204,7.151,1.38,2.097
"Ridgefield Park","NJ",40.8543,-74.0201,13202,8.671,5.51925,2.342,6.5145,8.0935,5.23375,8.50166666666667,1,7.0985,10,5.7475,7.022,10,3.9205,6.7125,6.675,10
"Ridley Park","PA",39.8785,-75.3251,7131,8.671,4.1315,4.422,6.5145,6.0285,5.124,8.62166666666667,4.207,7.443,8.492,4.115,3.133,7.3625,3.7785,5.8645,3.556,5.216
"Roanoke","AL",33.1453,-85.3694,5368,8.671,3.89775,5.241,6.5145,6.457,5.81775,8.534,4.9755,6.4805,7.7655,5.0095,2.6725,8.835,4.204,4.062,5.2915,7.257
"Roanoke","TX",33.0144,-97.2276,9270,8.671,4.4705,6.091,6.5145,4.284,6.693,8.43933333333333,5.259,6.461,7.1685,4.502,4.339,7.9395,4.772,5.294,4.7465,4.916
"Rochester","MI",42.6866,-83.1198,13048,8.671,0.933,6.032,6.5145,5.8185,4.04675,8.279,6.223,6.167,7.478,5.3875,4.4615,5.4015,3.7785,3.678,3.6405,5.184
"Rochester","NY",43.168,-77.6162,737309,8.671,1.90775,5.488,6.5145,4.495,5.93525,8.58566666666667,6.727,5.551,5.335,4.404,5.899,4.3355,3.9205,5.9015,1.398,1.505
"Rochester","PA",40.7025,-80.2838,3488,8.671,4.308,4.795,6.5145,6.5935,6.87425,8.58233333333333,5.9635,8.6695,6.859,4.0685,4.791,6.5075,3.7785,7.39,1.738,3.581
"Rochester","WI",42.7338,-88.2489,3765,8.671,4.915,5.526,6.5145,4.177,7.989,8.59433333333333,6.1225,4.346,6.8375,5.064,4.267,4.8305,4.204,4.844,1.5875,2.005
"Rockford","MN",45.092,-93.7453,4575,8.671,4.925,5.042,6.5145,5.2745,8.362,8.972,4.7385,6.2585,6.8505,5.096,5.085,6.5265,4.062,7.288,3.544,5.523
"Rockville","MD",39.0834,-77.1553,67095,8.671,4.457,3.595,6.5145,5.9685,6.99375,8.49066666666667,1.2105,3.8255,10,5.0235,2.1915,8.774,4.062,6.5495,4.505,8.056
"Rogers","MN",45.1865,-93.5783,13182,8.671,4.925,5.042,6.5145,5.2745,8.362,8.972,4.7385,6.2585,6.8505,5.096,5.085,6.5265,4.062,7.288,3.544,5.523
"Rolling Meadows","IL",42.0747,-88.0252,24300,8.671,4.57975,4.766,6.5145,7.999,6.8045,8.555,3.702,6.5995,8.193,5.4155,3.832,9.513,4.062,6.134,5.5075,8.368
"Rome","GA",34.2662,-85.1863,66998,8.671,3.89775,5.241,6.5145,6.457,5.81775,8.534,4.9755,6.4805,7.7655,5.0095,2.6725,8.835,4.204,4.062,5.2915,7.257
"Roseland","NJ",40.8208,-74.3086,6240,8.671,5.51925,2.342,6.5145,8.0935,5.23375,8.50166666666667,1,7.0985,10,5.7475,7.022,10,3.9205,6.7125,6.675,10
"Roseville","MI",42.5074,-82.9369,47692,8.671,0.933,6.032,6.5145,5.8185,4.04675,8.279,6.223,6.167,7.478,5.3875,4.4615,5.4015,3.7785,3.678,3.6405,5.184
"Roseville","MN",45.0155,-93.1545,36119,8.671,4.925,5.042,6.5145,5.2745,8.362,8.972,4.7385,6.2585,6.8505,5.096,5.085,6.5265,4.062,7.288,3.544,5.523
"Roswell","GA",34.0391,-84.3513,92688,8.671,3.89775,5.241,6.5145,6.457,5.81775,8.534,4.9755,6.4805,7.7655,5.0095,2.6725,8.835,4.204,4.062,5.2915,7.257
"Round Rock","TX",30.527,-97.6642,117735,8.671,4.3305,5.355,6.5145,5.315,7.03075,8.68666666666667,4.3345,9.049,6.698,3.909,5.069,9.236,4.772,6.7895,1.8515,6.939
"Sacramento","CA",38.5677,-121.4685,1924167,8.671,4.68725,2.618,6.5145,8.6245,6.4815,8.748,1,5.6055,9.407,7.014,5.7155,10,4.488,8.0125,3.6545,10
"Salt Lake City","UT",40.7776,-111.9311,1135344,8.671,4.574,6.172,6.5145,4.2805,6.21575,8.81866666666667,6.141,6.8105,5.932,6.641,5.657,6.3,4.204,8.6225,2.737,7.09
"Sammamish","WA",47.6017,-122.0416,66532,8.671,4.52375,3.79,6.5145,5.7145,7.56025,8.72433333333333,2.291,4.9405,8.1155,7.2095,5.6365,8.367,4.772,8.0895,2.8845,7.551
"San Antonio","TX",29.4632,-98.5238,1910785,8.671,4.96475,6.683,6.5145,4.152,6.2015,8.63333333333333,6.402,8.0745,6.6955,3.4185,4.2165,5.356,4.772,6.254,1.6815,3.53
"San Bruno","CA",37.6256,-122.4313,43775,8.671,4.68725,2.618,6.5145,8.6245,6.4815,8.748,1,5.6055,9.407,7.014,5.7155,10,4.488,8.0125,3.6545,10
"San Carlos","AZ",33.35,-110.4654,4461,8.671,4.8285,6.208,6.5145,4.591,4.62525,8.56733333333333,6.533,6.178,6.81,6.7355,2.583,6.5085,4.488,5.565,3.3025,4.558
"San Carlos","CA",37.4982,-122.2677,30754,8.671,4.68725,2.618,6.5145,8.6245,6.4815,8.748,1,5.6055,9.407,7.014,5.7155,10,4.488,8.0125,3.6545,10
"San Diego","CA",32.8313,-117.1222,3084174,8.671,4.40975,5.156,6.5145,5.4575,7.26725,8.76766666666667,2.9335,5.999,8.21,6.396,6.933,8.3505,4.488,8.5395,2.622,8.595
"San Dimas","CA",34.1082,-117.809,34775,8.57466666666667,3.677,4.556,6.5145,8.6245,4.7315,8.43966666666667,1.5275,5.4965,9.196,6.747,5.705,10,4.7675,6.96,3.9585,10
"San Fernando","CA",34.2886,-118.4362,24086,8.57466666666667,3.677,4.556,6.5145,8.6245,4.7315,8.43966666666667,1.5275,5.4965,9.196,6.747,5.705,10,4.7675,6.96,3.9585,10
"San Francisco","CA",37.7558,-122.4449,3290197,8.671,4.68725,2.618,6.5145,8.6245,6.4815,8.748,1,5.6055,9.407,7.014,5.7155,10,4.488,8.0125,3.6545,10
"San Jose","CA",37.3012,-121.848,1729879,8.671,4.68725,2.618,6.5145,8.6245,6.4815,8.748,1,5.6055,9.407,7.014,5.7155,10,4.488,8.0125,3.6545,10
"San Juan Bautista","CA",36.845,-121.5371,1896,8.671,4.68725,2.618,6.5145,8.6245,6.4815,8.748,1,5.6055,9.407,7.014,5.7155,10,4.488,8.0125,3.6545,10
"San Leandro","CA",37.7074,-122.1599,91176,8.671,4.68725,2.618,6.5145,8.6245,6.4815,8.748,1,5.6055,9.407,7.014,5.7155,10,4.488,8.0125,3.6545,10
"San Luis Obispo","CA",35.2669,-120.669,47257,8.671,1.39225,NA,6.5145,3.6245,7.392,8.29566666666667,1.7245,7.9355,2.7765,1.5075,8.058,3.828,4.488,9.666,1.134,3.077
"San Mateo","CA",37.5522,-122.3121,105087,8.671,4.68725,2.618,6.5145,8.6245,6.4815,8.748,1,5.6055,9.407,7.014,5.7155,10,4.488,8.0125,3.6545,10
"San Rafael","CA",37.9905,-122.5221,61158,8.671,4.68725,2.618,6.5145,8.6245,6.4815,8.748,1,5.6055,9.407,7.014,5.7155,10,4.488,8.0125,3.6545,10
"San Ramon","CA",37.7624,-121.9365,85688,8.671,4.68725,2.618,6.5145,8.6245,6.4815,8.748,1,5.6055,9.407,7.014,5.7155,10,4.488,8.0125,3.6545,10
"Sandy","OR",45.3988,-122.2697,12383,8.671,4.908,4.924,6.5145,4.2155,8.4595,8.59666666666667,4.138,5.9685,6.2195,6.304,5.1805,6.957,3.9205,8.1595,2.2405,5.899
"Sandy","UT",40.5709,-111.8506,96272,8.671,4.574,6.172,6.5145,4.2805,6.21575,8.81866666666667,6.141,6.8105,5.932,6.641,5.657,6.3,4.204,8.6225,2.737,7.09
"Santa Clara","CA",37.3646,-121.968,127922,8.671,4.68725,2.618,6.5145,8.6245,6.4815,8.748,1,5.6055,9.407,7.014,5.7155,10,4.488,8.0125,3.6545,10
"Santa Clarita","CA",34.4175,-118.4964,275230,8.57466666666667,3.677,4.556,6.5145,8.6245,4.7315,8.43966666666667,1.5275,5.4965,9.196,6.747,5.705,10,4.7675,6.96,3.9585,10
"Santa Cruz","CA",36.9789,-122.0346,165933,8.671,4.68725,2.618,6.5145,8.6245,6.4815,8.748,1,5.6055,9.407,7.014,5.7155,10,4.488,8.0125,3.6545,10
"Santa Monica","CA",34.0235,-118.481,92828,8.57466666666667,3.677,4.556,6.5145,8.6245,4.7315,8.43966666666667,1.5275,5.4965,9.196,6.747,5.705,10,4.7675,6.96,3.9585,10
"Santa Rosa","CA",38.4458,-122.7067,314196,8.671,4.68725,2.618,6.5145,8.6245,6.4815,8.748,1,5.6055,9.407,7.014,5.7155,10,4.488,8.0125,3.6545,10
"Sarasota","FL",27.3387,-82.5432,727388,8.671,1.40075,5.253,6.5145,4.2805,7.37875,8.78166666666667,5.696,7.195,6.434,5.497,4.7065,6.347,4.772,5.36,2.9055,3.778
"Schaumburg","IL",42.0308,-88.0838,78053,8.671,4.57975,4.766,6.5145,7.999,6.8045,8.555,3.702,6.5995,8.193,5.4155,3.832,9.513,4.062,6.134,5.5075,8.368
"Scottsdale","AZ",33.6872,-111.8651,238685,8.671,4.8285,6.208,6.5145,4.591,4.62525,8.56733333333333,6.533,6.178,6.81,6.7355,2.583,6.5085,4.488,5.565,3.3025,4.558
"Seabrook","MD",38.9802,-76.8502,19558,8.671,4.457,3.595,6.5145,5.9685,6.99375,8.49066666666667,1.2105,3.8255,10,5.0235,2.1915,8.774,4.062,6.5495,4.505,8.056
"Seabrook","TX",29.5751,-95.0235,13487,8.671,4.03075,6.162,6.5145,4.928,5.3045,8.611,5.2245,6.2485,7.144,5.386,3.129,7.9345,4.772,5.34,4.3385,4.474
"Seal Beach","CA",33.7542,-118.0714,25216,8.57466666666667,3.677,4.556,6.5145,8.6245,4.7315,8.43966666666667,1.5275,5.4965,9.196,6.747,5.705,10,4.7675,6.96,3.9585,10
"Seattle","WA",47.6211,-122.3244,3438221,8.671,4.52375,3.79,6.5145,5.7145,7.56025,8.72433333333333,2.291,4.9405,8.1155,7.2095,5.6365,8.367,4.772,8.0895,2.8845,7.551
"Secaucus","NJ",40.781,-74.0659,21439,8.671,5.51925,2.342,6.5145,8.0935,5.23375,8.50166666666667,1,7.0985,10,5.7475,7.022,10,3.9205,6.7125,6.675,10
"Silver Spring","MD",39.0028,-77.0207,82472,8.671,4.457,3.595,6.5145,5.9685,6.99375,8.49066666666667,1.2105,3.8255,10,5.0235,2.1915,8.774,4.062,6.5495,4.505,8.056
"Snoqualmie","WA",47.5293,-121.8412,13718,8.671,4.52375,3.79,6.5145,5.7145,7.56025,8.72433333333333,2.291,4.9405,8.1155,7.2095,5.6365,8.367,4.772,8.0895,2.8845,7.551
"Somerville","MA",42.3908,-71.1014,80608,8.671,4.39625,4.259,6.5145,8.6245,8.1705,8.956,1,5.7005,8.564,5.66,7.742,9.565,4.062,8.4815,3.215,10
"South Jordan","UT",40.557,-111.9784,75617,8.671,4.574,6.172,6.5145,4.2805,6.21575,8.81866666666667,6.141,6.8105,5.932,6.641,5.657,6.3,4.204,8.6225,2.737,7.09
"South San Francisco","CA",37.6538,-122.4196,66331,8.671,4.68725,2.618,6.5145,8.6245,6.4815,8.748,1,5.6055,9.407,7.014,5.7155,10,4.488,8.0125,3.6545,10
"Southlake","TX",32.9545,-97.1503,30754,8.671,4.4705,6.091,6.5145,4.284,6.693,8.43933333333333,5.259,6.461,7.1685,4.502,4.339,7.9395,4.772,5.294,4.7465,4.916
"Spring","TX",30.0613,-95.383,62569,8.671,4.03075,6.162,6.5145,4.928,5.3045,8.611,5.2245,6.2485,7.144,5.386,3.129,7.9345,4.772,5.34,4.3385,4.474
"Springfield","GA",32.3636,-81.303,2891,8.671,3.89775,5.241,6.5145,6.457,5.81775,8.534,4.9755,6.4805,7.7655,5.0095,2.6725,8.835,4.204,4.062,5.2915,7.257
"Springfield","NJ",40.706,-74.313,1479,8.671,5.51925,2.342,6.5145,8.0935,5.23375,8.50166666666667,1,7.0985,10,5.7475,7.022,10,3.9205,6.7125,6.675,10
"Springfield","OH",39.93,-83.7959,85121,8.671,4.7435,6.108,6.5145,4.2805,7.1095,8.638,6.6775,6.512,6.118,3.6075,4.975,6.0995,3.9205,5.299,1.9265,2.709
"Springfield","OR",44.0538,-122.9811,62138,8.671,5.627,5.021,6.5145,4.1735,8.231,8.82666666666667,6.713,4.756,2.956,3.533,6.1715,3.0865,3.9205,8.9695,1.192,1.964
"Springfield","VA",38.781,-77.1839,31769,8.671,4.457,3.595,6.5145,5.9685,6.99375,8.49066666666667,1.2105,3.8255,10,5.0235,2.1915,8.774,4.062,6.5495,4.505,8.056
"St. Louis","MO",38.6359,-90.2451,2092481,8.671,5.0855,5.504,6.5145,5.2715,7.37425,8.87733333333333,6.958,8.909,7.6425,4.8285,3.8805,5.424,4.062,4.376,2.5315,3.885
"St. Petersburg","FL",27.7931,-82.6652,258245,8.671,1.40075,5.253,6.5145,4.2805,7.37875,8.78166666666667,5.696,7.195,6.434,5.497,4.7065,6.347,4.772,5.36,2.9055,3.778
"Stamford","CT",41.1039,-73.5585,134820,8.671,5.51925,2.342,6.5145,8.0935,5.23375,8.50166666666667,1,7.0985,10,5.7475,7.022,10,3.9205,6.7125,6.675,10
"Sterling","VA",39.0052,-77.405,31202,8.671,4.457,3.595,6.5145,5.9685,6.99375,8.49066666666667,1.2105,3.8255,10,5.0235,2.1915,8.774,4.062,6.5495,4.505,8.056
"Steubenville","OH",40.3653,-80.6519,18122,8.671,4.308,4.795,6.5145,6.5935,6.87425,8.58233333333333,5.9635,8.6695,6.859,4.0685,4.791,6.5075,3.7785,7.39,1.738,3.581
"Stratford","NJ",39.829,-75.0156,6967,8.671,4.1315,4.422,6.5145,6.0285,5.124,8.62166666666667,4.207,7.443,8.492,4.115,3.133,7.3625,3.7785,5.8645,3.556,5.216
"Sugar Land","TX",29.5935,-95.6358,110272,8.671,4.03075,6.162,6.5145,4.928,5.3045,8.611,5.2245,6.2485,7.144,5.386,3.129,7.9345,4.772,5.34,4.3385,4.474
"Suitland","MD",38.8492,-76.9225,26375,8.671,4.457,3.595,6.5145,5.9685,6.99375,8.49066666666667,1.2105,3.8255,10,5.0235,2.1915,8.774,4.062,6.5495,4.505,8.056
"Summit","IL",41.7877,-87.8146,11098,8.671,4.57975,4.766,6.5145,7.999,6.8045,8.555,3.702,6.5995,8.193,5.4155,3.832,9.513,4.062,6.134,5.5075,8.368
"Summit","NJ",40.7154,-74.3647,22598,8.671,5.51925,2.342,6.5145,8.0935,5.23375,8.50166666666667,1,7.0985,10,5.7475,7.022,10,3.9205,6.7125,6.675,10
"Summit","WA",47.1694,-122.3628,8897,8.671,4.52375,3.79,6.5145,5.7145,7.56025,8.72433333333333,2.291,4.9405,8.1155,7.2095,5.6365,8.367,4.772,8.0895,2.8845,7.551
"Sumner","WA",47.2189,-122.2338,10545,8.671,4.52375,3.79,6.5145,5.7145,7.56025,8.72433333333333,2.291,4.9405,8.1155,7.2095,5.6365,8.367,4.772,8.0895,2.8845,7.551
"Sunnyvale","CA",37.3836,-122.0255,155550,8.671,4.68725,2.618,6.5145,8.6245,6.4815,8.748,1,5.6055,9.407,7.014,5.7155,10,4.488,8.0125,3.6545,10
"Sunnyvale","TX",32.7974,-96.5577,7647,8.671,4.4705,6.091,6.5145,4.284,6.693,8.43933333333333,5.259,6.461,7.1685,4.502,4.339,7.9395,4.772,5.294,4.7465,4.916
"Sunrise","FL",26.1547,-80.2997,96220,8.671,4.05275,4.497,6.5145,4.3945,6.292,8.529,3.031,5.824,6.7675,5.3845,4.321,8.0225,4.772,6.0435,4.169,5.055
"Suwanee","GA",34.0508,-84.0686,20629,8.671,3.89775,5.241,6.5145,6.457,5.81775,8.534,4.9755,6.4805,7.7655,5.0095,2.6725,8.835,4.204,4.062,5.2915,7.257
"Tacoma","WA",47.2431,-122.4531,217332,8.671,4.52375,3.79,6.5145,5.7145,7.56025,8.72433333333333,2.291,4.9405,8.1155,7.2095,5.6365,8.367,4.772,8.0895,2.8845,7.551
"Tampa","FL",27.9945,-82.4447,2683956,8.671,1.40075,5.253,6.5145,4.2805,7.37875,8.78166666666667,5.696,7.195,6.434,5.497,4.7065,6.347,4.772,5.36,2.9055,3.778
"Temecula","CA",33.4928,-117.1315,109376,8.57466666666667,3.677,4.556,6.5145,8.6245,4.7315,8.43966666666667,1.5275,5.4965,9.196,6.747,5.705,10,4.7675,6.96,3.9585,10
"Tempe","AZ",33.3881,-111.9319,178862,8.671,4.8285,6.208,6.5145,4.591,4.62525,8.56733333333333,6.533,6.178,6.81,6.7355,2.583,6.5085,4.488,5.565,3.3025,4.558
"Temple","GA",33.7342,-85.0289,5093,8.671,3.89775,5.241,6.5145,6.457,5.81775,8.534,4.9755,6.4805,7.7655,5.0095,2.6725,8.835,4.204,4.062,5.2915,7.257
"Texas City","TX",29.4154,-94.9682,122017,8.671,4.03075,6.162,6.5145,4.928,5.3045,8.611,5.2245,6.2485,7.144,5.386,3.129,7.9345,4.772,5.34,4.3385,4.474
"Thornton","CA",38.2309,-121.4249,889,8.671,4.68725,2.618,6.5145,8.6245,6.4815,8.748,1,5.6055,9.407,7.014,5.7155,10,4.488,8.0125,3.6545,10
"Thornton","CO",39.9197,-104.9438,140538,8.671,4.53,5.102,6.5145,3.6245,7.11675,8.61566666666667,3.8375,5.4185,6.2235,7.933,5.371,7.8645,4.346,7.8605,4.243,6.117
"Thornton","IL",41.5711,-87.6187,2299,8.671,4.57975,4.766,6.5145,7.999,6.8045,8.555,3.702,6.5995,8.193,5.4155,3.832,9.513,4.062,6.134,5.5075,8.368
"Thousand Oaks","CA",34.1914,-118.8756,211045,8.57466666666667,3.677,4.556,6.5145,8.6245,4.7315,8.43966666666667,1.5275,5.4965,9.196,6.747,5.705,10,4.7675,6.96,3.9585,10
"Toronto","OH",40.4581,-80.6095,5395,8.671,4.308,4.795,6.5145,6.5935,6.87425,8.58233333333333,5.9635,8.6695,6.859,4.0685,4.791,6.5075,3.7785,7.39,1.738,3.581
"Torrance","CA",33.8346,-118.3416,147156,8.57466666666667,3.677,4.556,6.5145,8.6245,4.7315,8.43966666666667,1.5275,5.4965,9.196,6.747,5.705,10,4.7675,6.96,3.9585,10
"Tracy","CA",37.7269,-121.4523,98022,8.671,4.68725,2.618,6.5145,8.6245,6.4815,8.748,1,5.6055,9.407,7.014,5.7155,10,4.488,8.0125,3.6545,10
"Trenton","IL",38.6083,-89.6852,2684,8.671,5.0855,5.504,6.5145,5.2715,7.37425,8.87733333333333,6.958,8.909,7.6425,4.8285,3.8805,5.424,4.062,4.376,2.5315,3.885
"Trenton","MI",42.1394,-83.1929,18489,8.671,0.933,6.032,6.5145,5.8185,4.04675,8.279,6.223,6.167,7.478,5.3875,4.4615,5.4015,3.7785,3.678,3.6405,5.184
"Trenton","NJ",40.2237,-74.7641,316436,8.671,4.1315,4.422,6.5145,6.0285,5.124,8.62166666666667,4.207,7.443,8.492,4.115,3.133,7.3625,3.7785,5.8645,3.556,5.216
"Troy","IL",38.7268,-89.8977,10858,8.671,4.832625,5.135,6.5145,6.63525,7.089375,8.71616666666667,5.33,7.75425,7.91775,5.122,3.85625,7.4685,4.062,5.255,4.0195,6.1265
"Troy","MI",42.5817,-83.1457,86912,8.671,0.933,6.032,6.5145,5.8185,4.04675,8.279,6.223,6.167,7.478,5.3875,4.4615,5.4015,3.7785,3.678,3.6405,5.184
"Troy","MO",38.9708,-90.9714,12463,8.671,5.0855,5.504,6.5145,5.2715,7.37425,8.87733333333333,6.958,8.909,7.6425,4.8285,3.8805,5.424,4.062,4.376,2.5315,3.885
"Troy","OH",40.0437,-84.2186,26093,8.671,4.42125,5.595,6.5145,4.6185,7.2505,8.899,7.156,5.4765,5.6965,4.669,3.637,4.961,3.9205,4.7755,2.0775,3.646
"Tualatin","OR",45.3772,-122.7748,27821,8.671,4.908,4.924,6.5145,4.2155,8.4595,8.59666666666667,4.138,5.9685,6.2195,6.304,5.1805,6.957,3.9205,8.1595,2.2405,5.899
"Tustin","CA",33.7311,-117.8107,79895,8.57466666666667,3.677,4.556,6.5145,8.6245,4.7315,8.43966666666667,1.5275,5.4965,9.196,6.747,5.705,10,4.7675,6.96,3.9585,10
"Urbandale","IA",41.639,-93.7812,45037,8.671,2.07225,6.327,6.5145,3.6245,8.68225,8.84133333333333,6.851,5.698,6.0665,3.2995,6.984,2.912,4.346,8.4765,1.379,1.818
"Vacaville","CA",38.3587,-121.9673,102256,8.671,4.68725,2.618,6.5145,8.6245,6.4815,8.748,1,5.6055,9.407,7.014,5.7155,10,4.488,8.0125,3.6545,10
"Vancouver","WA",45.6366,-122.5967,188331,8.671,4.908,4.924,6.5145,4.2155,8.4595,8.59666666666667,4.138,5.9685,6.2195,6.304,5.1805,6.957,3.9205,8.1595,2.2405,5.899
"Venice","FL",27.1184,-82.4137,24876,8.671,1.40075,5.253,6.5145,4.2805,7.37875,8.78166666666667,5.696,7.195,6.434,5.497,4.7065,6.347,4.772,5.36,2.9055,3.778
"Venice","IL",38.6719,-90.169,1926,8.671,5.0855,5.504,6.5145,5.2715,7.37425,8.87733333333333,6.958,8.909,7.6425,4.8285,3.8805,5.424,4.062,4.376,2.5315,3.885
"Verona","PA",40.505,-79.8419,2731,8.671,4.308,4.795,6.5145,6.5935,6.87425,8.58233333333333,5.9635,8.6695,6.859,4.0685,4.791,6.5075,3.7785,7.39,1.738,3.581
"Verona","WI",42.9892,-89.5383,13798,8.671,5.47375,6.173,6.5145,5.386,9.524,9.02366666666667,5.8295,4.9925,4.422,4.376,7.362,4.017,4.204,7.9005,1.2295,2.913
"Vienna","VA",38.8996,-77.2597,16465,8.671,4.457,3.595,6.5145,5.9685,6.99375,8.49066666666667,1.2105,3.8255,10,5.0235,2.1915,8.774,4.062,6.5495,4.505,8.056
"Walnut Creek","CA",37.9024,-122.0399,69876,8.671,4.68725,2.618,6.5145,8.6245,6.4815,8.748,1,5.6055,9.407,7.014,5.7155,10,4.488,8.0125,3.6545,10
"Waltham","MA",42.3889,-71.2423,64655,8.671,4.39625,4.259,6.5145,8.6245,8.1705,8.956,1,5.7005,8.564,5.66,7.742,9.565,4.062,8.4815,3.215,10
"Warren","MI",42.4934,-83.027,138996,8.671,0.933,6.032,6.5145,5.8185,4.04675,8.279,6.223,6.167,7.478,5.3875,4.4615,5.4015,3.7785,3.678,3.6405,5.184
"Warren","OR",45.8133,-122.8796,1687,8.671,4.908,4.924,6.5145,4.2155,8.4595,8.59666666666667,4.138,5.9685,6.2195,6.304,5.1805,6.957,3.9205,8.1595,2.2405,5.899
"Warrenville","IL",41.8209,-88.1857,13738,8.671,4.57975,4.766,6.5145,7.999,6.8045,8.555,3.702,6.5995,8.193,5.4155,3.832,9.513,4.062,6.134,5.5075,8.368
"Washington","DC",38.9047,-77.0163,4810669,8.671,4.457,3.595,6.5145,5.9685,6.99375,8.49066666666667,1.2105,3.8255,10,5.0235,2.1915,8.774,4.062,6.5495,4.505,8.056
"Washington","MO",38.5515,-91.0154,14607,8.671,5.0855,5.504,6.5145,5.2715,7.37425,8.87733333333333,6.958,8.909,7.6425,4.8285,3.8805,5.424,4.062,4.376,2.5315,3.885
"Washington","PA",40.1741,-80.2465,13322,8.671,4.308,4.795,6.5145,6.5935,6.87425,8.58233333333333,5.9635,8.6695,6.859,4.0685,4.791,6.5075,3.7785,7.39,1.738,3.581
"Waterloo","IL",38.3403,-90.1538,10906,8.671,5.0855,5.504,6.5145,5.2715,7.37425,8.87733333333333,6.958,8.909,7.6425,4.8285,3.8805,5.424,4.062,4.376,2.5315,3.885
"Waterloo","NE",41.2856,-96.285,1022,8.671,2.12775,5.994,6.5145,4.128,7.876,8.88,7.0405,6.3065,4.942,4.181,5.552,4.012,4.204,5.801,1.4165,NA
"Watertown","MN",44.9604,-93.8431,4659,8.671,4.925,5.042,6.5145,5.2745,8.362,8.972,4.7385,6.2585,6.8505,5.096,5.085,6.5265,4.062,7.288,3.544,5.523
"Waukesha","WI",43.0087,-88.2464,71307,8.671,4.915,5.526,6.5145,4.177,7.989,8.59433333333333,6.1225,4.346,6.8375,5.064,4.267,4.8305,4.204,4.844,1.5875,2.005
"Wayne","IL",41.9494,-88.2584,2548,8.671,4.57975,4.766,6.5145,7.999,6.8045,8.555,3.702,6.5995,8.193,5.4155,3.832,9.513,4.062,6.134,5.5075,8.368
"Wayne","MI",42.2774,-83.3877,17624,8.671,0.933,6.032,6.5145,5.8185,4.04675,8.279,6.223,6.167,7.478,5.3875,4.4615,5.4015,3.7785,3.678,3.6405,5.184
"Wayne","PA",40.0409,-75.3945,7425,8.671,4.1315,4.422,6.5145,6.0285,5.124,8.62166666666667,4.207,7.443,8.492,4.115,3.133,7.3625,3.7785,5.8645,3.556,5.216
"West Hollywood","CA",34.0883,-118.3719,35678,8.57466666666667,3.677,4.556,6.5145,8.6245,4.7315,8.43966666666667,1.5275,5.4965,9.196,6.747,5.705,10,4.7675,6.96,3.9585,10
"West Palm Beach","FL",26.7469,-80.132,115877,8.671,4.05275,4.497,6.5145,4.3945,6.292,8.529,3.031,5.824,6.7675,5.3845,4.321,8.0225,4.772,6.0435,4.169,5.055
"West Valley City","UT",40.6886,-112.0123,139361,8.671,4.574,6.172,6.5145,4.2805,6.21575,8.81866666666667,6.141,6.8105,5.932,6.641,5.657,6.3,4.204,8.6225,2.737,7.09
"Westerville","OH",40.1241,-82.921,38960,8.671,5.02675,5.746,6.5145,5.0475,8.166,8.689,6.2895,4.5535,6.466,4.545,5.2815,5.8785,3.9205,5.9215,1.663,4.973
"Westminster","CA",33.7523,-117.9938,91267,8.57466666666667,3.677,4.556,6.5145,8.6245,4.7315,8.43966666666667,1.5275,5.4965,9.196,6.747,5.705,10,4.7675,6.96,3.9585,10
"Westminster","CO",39.8837,-105.0624,115535,8.671,4.53,5.102,6.5145,3.6245,7.11675,8.61566666666667,3.8375,5.4185,6.2235,7.933,5.371,7.8645,4.346,7.8605,4.243,6.117
"Weston","FL",26.1006,-80.4054,68148,8.671,4.05275,4.497,6.5145,4.3945,6.292,8.529,3.031,5.824,6.7675,5.3845,4.321,8.0225,4.772,6.0435,4.169,5.055
"Weston","MO",39.4032,-94.8862,1850,8.671,1.9725,5.844,6.5145,3.6245,7.9765,8.77566666666667,6.7075,8.1885,6.6745,4.1615,4.4225,2.794,4.062,5.0205,1.869,3.538
"White Plains","NY",41.022,-73.7547,59452,8.671,5.51925,2.342,6.5145,8.0935,5.23375,8.50166666666667,1,7.0985,10,5.7475,7.022,10,3.9205,6.7125,6.675,10
"Wilmington","DE",39.7415,-75.5416,70926,8.671,4.1315,4.422,6.5145,6.0285,5.124,8.62166666666667,4.207,7.443,8.492,4.115,3.133,7.3625,3.7785,5.8645,3.556,5.216
"Wilsonville","OR",45.3109,-122.7702,25887,8.671,4.908,4.924,6.5145,4.2155,8.4595,8.59666666666667,4.138,5.9685,6.2195,6.304,5.1805,6.957,3.9205,8.1595,2.2405,5.899
"Wilton","CA",38.413,-121.2127,6281,8.671,4.68725,2.618,6.5145,8.6245,6.4815,8.748,1,5.6055,9.407,7.014,5.7155,10,4.488,8.0125,3.6545,10
"Windsor","CA",38.5422,-122.8089,26548,8.671,4.68725,2.618,6.5145,8.6245,6.4815,8.748,1,5.6055,9.407,7.014,5.7155,10,4.488,8.0125,3.6545,10
"Woonsocket","RI",42.001,-71.4993,43044,8.671,4.39625,4.259,6.5145,8.6245,8.1705,8.956,1,5.7005,8.564,5.66,7.742,9.565,4.062,8.4815,3.215,10
"Worcester","MA",42.2705,-71.8079,573573,8.671,4.39625,4.259,6.5145,8.6245,8.1705,8.956,1,5.7005,8.564,5.66,7.742,9.565,4.062,8.4815,3.215,10
